model,n Selected,type,Counts,Method,Train Accuracy,Test Accuracy,MCC,F1,features
Lasso,89,by counts,1,,0.6007853403141361,0.5759162303664922,0.23568925923428286,0.5077459601379958,"['CARES ESSER I 20', 'ARP ESSER III 21', '% Reduced-price Lunch Diff', 'CRRSA ESSER II 21', '% Prek Diff', '% On Campus 09/28/20', '% Black Diff', 'Unemployed Level Diff', 'ESSER-SUPP 23', '% Tested Reading G7 Diff', '% Tested Reading G6 Diff', '% Tested Reading G4 Diff', '% On Campus 10/30/20', '% On Campus 01/29/21', 'Total Students Diff', 'Total Schools Diff', 'Median Age Female 10', 'Labor Force Diff', 'Employed Diff', 'Avg Household Size 10', '% White Diff', '% Kinder Diff', '% Grades 9-12 Diff', '% Grades 1-8 Diff', '% Free Lunch Diff', '% Asian Diff', '% Age 20-24 Pop 10', 'Unemployed Rate Diff', 'Teachers:Students Diff', 'Staff:Students Diff', 'Median Age Male 10', 'Median Age 10', 'Locale_43-Rural: Remote', 'Locale_32-Town: Distant', 'Locale_31-Town: Fringe', 'Locale_13-City: Small', 'ESSER-SUPP 22', 'County Population', 'Avg Family Size 10', '% White Pop 10', '% Title 1 School-wide Diff', '% Tested Reading G8 Diff', '% Tested Reading G5 Diff', '% Tested Reading G3 Diff', '% Male Pop 10', '% Hispanic Diff', '% HH Married-noChild 10', '% HH Male-Child 10', '% Female Pop 10', '% County Infected 09/28/20', '% Black Pop 10', '% Asian Pop 10', '% Age 85-Up Pop 10', '% Age 35-44 Pop 10', '% ADA Diff', '# of Households 10', '# of Families 10', 'Locale_42-Rural: Distant', 'Locale_41-Rural: Fringe', 'Locale_33-Town: Remote', 'Locale_23-Suburb: Small', 'Locale_22-Suburb: Mid-size', 'Locale_21-Suburb: Large', 'Locale_12-City: Mid-size', 'Locale_11-City: Large', '% Title 1 Eligible Diff', '% Operational Schools Diff', '% Housing Vacant 10', '% Housing Renter Occup 10', '% Housing Owner Occup 10', '% County Infected 10/30/20', '% Age 15-19 Pop 10', '# of Housing Units 10', '% Hispanic Pop 10', '% HH Married-Child 10', '% HH Female-Child 10', '% HH 1 Male 10', '% County Infected 01/29/21', '% County Deaths 09/28/20', '% Age 65-74 Pop 10', '% Age 55-64 Pop 10', '% Age 5-9 Pop 10', '% Age 25-34 Pop 10', '% Age 10-14 Pop 10', '% Age 0-4 Pop 10', '% County Deaths 10/30/20', '% County Deaths 01/29/21', '% Age 75-84 Pop 10', '% Age 45-54 Pop 10']"
Lasso,85,by counts,2,,0.6007853403141361,0.5759162303664922,0.23568925923428286,0.5077459601379958,"['CARES ESSER I 20', 'ARP ESSER III 21', '% Reduced-price Lunch Diff', 'CRRSA ESSER II 21', '% Prek Diff', '% On Campus 09/28/20', '% Black Diff', 'Unemployed Level Diff', 'ESSER-SUPP 23', '% Tested Reading G7 Diff', '% Tested Reading G6 Diff', '% Tested Reading G4 Diff', '% On Campus 10/30/20', '% On Campus 01/29/21', 'Total Students Diff', 'Total Schools Diff', 'Median Age Female 10', 'Labor Force Diff', 'Employed Diff', 'Avg Household Size 10', '% White Diff', '% Kinder Diff', '% Grades 9-12 Diff', '% Grades 1-8 Diff', '% Free Lunch Diff', '% Asian Diff', '% Age 20-24 Pop 10', 'Unemployed Rate Diff', 'Teachers:Students Diff', 'Staff:Students Diff', 'Median Age Male 10', 'Median Age 10', 'Locale_43-Rural: Remote', 'Locale_32-Town: Distant', 'Locale_31-Town: Fringe', 'Locale_13-City: Small', 'ESSER-SUPP 22', 'County Population', 'Avg Family Size 10', '% White Pop 10', '% Title 1 School-wide Diff', '% Tested Reading G8 Diff', '% Tested Reading G5 Diff', '% Tested Reading G3 Diff', '% Male Pop 10', '% Hispanic Diff', '% HH Married-noChild 10', '% HH Male-Child 10', '% Female Pop 10', '% County Infected 09/28/20', '% Black Pop 10', '% Asian Pop 10', '% Age 85-Up Pop 10', '% Age 35-44 Pop 10', '% ADA Diff', '# of Households 10', '# of Families 10', 'Locale_42-Rural: Distant', 'Locale_41-Rural: Fringe', 'Locale_33-Town: Remote', 'Locale_23-Suburb: Small', 'Locale_22-Suburb: Mid-size', 'Locale_21-Suburb: Large', 'Locale_12-City: Mid-size', 'Locale_11-City: Large', '% Title 1 Eligible Diff', '% Operational Schools Diff', '% Housing Vacant 10', '% Housing Renter Occup 10', '% Housing Owner Occup 10', '% County Infected 10/30/20', '% Age 15-19 Pop 10', '# of Housing Units 10', '% Hispanic Pop 10', '% HH Married-Child 10', '% HH Female-Child 10', '% HH 1 Male 10', '% County Infected 01/29/21', '% County Deaths 09/28/20', '% Age 65-74 Pop 10', '% Age 55-64 Pop 10', '% Age 5-9 Pop 10', '% Age 25-34 Pop 10', '% Age 10-14 Pop 10', '% Age 0-4 Pop 10']"
Lasso,73,by counts,3,,0.5968586387434555,0.5759162303664922,0.232889821033171,0.5068136962059111,"['CARES ESSER I 20', 'ARP ESSER III 21', '% Reduced-price Lunch Diff', 'CRRSA ESSER II 21', '% Prek Diff', '% On Campus 09/28/20', '% Black Diff', 'Unemployed Level Diff', 'ESSER-SUPP 23', '% Tested Reading G7 Diff', '% Tested Reading G6 Diff', '% Tested Reading G4 Diff', '% On Campus 10/30/20', '% On Campus 01/29/21', 'Total Students Diff', 'Total Schools Diff', 'Median Age Female 10', 'Labor Force Diff', 'Employed Diff', 'Avg Household Size 10', '% White Diff', '% Kinder Diff', '% Grades 9-12 Diff', '% Grades 1-8 Diff', '% Free Lunch Diff', '% Asian Diff', '% Age 20-24 Pop 10', 'Unemployed Rate Diff', 'Teachers:Students Diff', 'Staff:Students Diff', 'Median Age Male 10', 'Median Age 10', 'Locale_43-Rural: Remote', 'Locale_32-Town: Distant', 'Locale_31-Town: Fringe', 'Locale_13-City: Small', 'ESSER-SUPP 22', 'County Population', 'Avg Family Size 10', '% White Pop 10', '% Title 1 School-wide Diff', '% Tested Reading G8 Diff', '% Tested Reading G5 Diff', '% Tested Reading G3 Diff', '% Male Pop 10', '% Hispanic Diff', '% HH Married-noChild 10', '% HH Male-Child 10', '% Female Pop 10', '% County Infected 09/28/20', '% Black Pop 10', '% Asian Pop 10', '% Age 85-Up Pop 10', '% Age 35-44 Pop 10', '% ADA Diff', '# of Households 10', '# of Families 10', 'Locale_42-Rural: Distant', 'Locale_41-Rural: Fringe', 'Locale_33-Town: Remote', 'Locale_23-Suburb: Small', 'Locale_22-Suburb: Mid-size', 'Locale_21-Suburb: Large', 'Locale_12-City: Mid-size', 'Locale_11-City: Large', '% Title 1 Eligible Diff', '% Operational Schools Diff', '% Housing Vacant 10', '% Housing Renter Occup 10', '% Housing Owner Occup 10', '% County Infected 10/30/20', '% Age 15-19 Pop 10', '# of Housing Units 10']"
Lasso,57,by counts,4,,0.5981675392670157,0.6073298429319371,0.30173833761606683,0.5314843965279692,"['CARES ESSER I 20', 'ARP ESSER III 21', '% Reduced-price Lunch Diff', 'CRRSA ESSER II 21', '% Prek Diff', '% On Campus 09/28/20', '% Black Diff', 'Unemployed Level Diff', 'ESSER-SUPP 23', '% Tested Reading G7 Diff', '% Tested Reading G6 Diff', '% Tested Reading G4 Diff', '% On Campus 10/30/20', '% On Campus 01/29/21', 'Total Students Diff', 'Total Schools Diff', 'Median Age Female 10', 'Labor Force Diff', 'Employed Diff', 'Avg Household Size 10', '% White Diff', '% Kinder Diff', '% Grades 9-12 Diff', '% Grades 1-8 Diff', '% Free Lunch Diff', '% Asian Diff', '% Age 20-24 Pop 10', 'Unemployed Rate Diff', 'Teachers:Students Diff', 'Staff:Students Diff', 'Median Age Male 10', 'Median Age 10', 'Locale_43-Rural: Remote', 'Locale_32-Town: Distant', 'Locale_31-Town: Fringe', 'Locale_13-City: Small', 'ESSER-SUPP 22', 'County Population', 'Avg Family Size 10', '% White Pop 10', '% Title 1 School-wide Diff', '% Tested Reading G8 Diff', '% Tested Reading G5 Diff', '% Tested Reading G3 Diff', '% Male Pop 10', '% Hispanic Diff', '% HH Married-noChild 10', '% HH Male-Child 10', '% Female Pop 10', '% County Infected 09/28/20', '% Black Pop 10', '% Asian Pop 10', '% Age 85-Up Pop 10', '% Age 35-44 Pop 10', '% ADA Diff', '# of Households 10', '# of Families 10']"
Lasso,27,by counts,5,,0.5785340314136126,0.612565445026178,0.3160888846695617,0.5270485024533483,"['CARES ESSER I 20', 'ARP ESSER III 21', '% Reduced-price Lunch Diff', 'CRRSA ESSER II 21', '% Prek Diff', '% On Campus 09/28/20', '% Black Diff', 'Unemployed Level Diff', 'ESSER-SUPP 23', '% Tested Reading G7 Diff', '% Tested Reading G6 Diff', '% Tested Reading G4 Diff', '% On Campus 10/30/20', '% On Campus 01/29/21', 'Total Students Diff', 'Total Schools Diff', 'Median Age Female 10', 'Labor Force Diff', 'Employed Diff', 'Avg Household Size 10', '% White Diff', '% Kinder Diff', '% Grades 9-12 Diff', '% Grades 1-8 Diff', '% Free Lunch Diff', '% Asian Diff', '% Age 20-24 Pop 10']"
Lasso,14,by counts,6,,0.574607329842932,0.6230366492146597,0.34184775673483003,0.5350866512439627,"['CARES ESSER I 20', 'ARP ESSER III 21', '% Reduced-price Lunch Diff', 'CRRSA ESSER II 21', '% Prek Diff', '% On Campus 09/28/20', '% Black Diff', 'Unemployed Level Diff', 'ESSER-SUPP 23', '% Tested Reading G7 Diff', '% Tested Reading G6 Diff', '% Tested Reading G4 Diff', '% On Campus 10/30/20', '% On Campus 01/29/21']"
Lasso,7,by counts,7,,0.5759162303664922,0.6020942408376964,0.2909998778316194,0.5112684479367244,"['CARES ESSER I 20', 'ARP ESSER III 21', '% Reduced-price Lunch Diff', 'CRRSA ESSER II 21', '% Prek Diff', '% On Campus 09/28/20', '% Black Diff']"
Lasso,3,by counts,8,,0.5497382198952879,0.5287958115183246,0.029414808969084945,0.39299527697433456,"['CARES ESSER I 20', 'ARP ESSER III 21', '% Reduced-price Lunch Diff']"
Lasso,20,by methods,n/a,Variance Threshold,0.5510471204188482,0.5340314136125655,0.11136986746750997,0.44085287199332274,"['CARES ESSER I 20', 'ARP ESSER III 21', '% Reduced-price Lunch Diff', 'CRRSA ESSER II 21', '% Prek Diff', '% Black Diff', 'Unemployed Level Diff', 'ESSER-SUPP 23', 'Median Age Female 10', 'Avg Household Size 10', '% Asian Diff', 'Median Age Male 10', 'Median Age 10', 'ESSER-SUPP 22', 'County Population', 'Avg Family Size 10', '# of Households 10', '# of Families 10', 'Locale_42-Rural: Distant', '# of Housing Units 10']"
Lasso,51,by methods,n/a,Regularization - Lasso,0.6007853403141361,0.5759162303664922,0.23568925923428286,0.5077459601379958,"['CARES ESSER I 20', '% Reduced-price Lunch Diff', 'CRRSA ESSER II 21', '% Prek Diff', '% On Campus 09/28/20', '% Black Diff', 'Unemployed Level Diff', '% Tested Reading G7 Diff', '% Tested Reading G6 Diff', '% On Campus 10/30/20', '% On Campus 01/29/21', 'Total Students Diff', 'Total Schools Diff', 'Labor Force Diff', 'Employed Diff', '% White Diff', '% Kinder Diff', '% Grades 1-8 Diff', '% Free Lunch Diff', '% Asian Diff', 'Unemployed Rate Diff', 'Teachers:Students Diff', 'Locale_43-Rural: Remote', 'Locale_32-Town: Distant', 'Locale_31-Town: Fringe', 'Locale_13-City: Small', '% White Pop 10', '% Title 1 School-wide Diff', '% Hispanic Diff', '% County Infected 09/28/20', '% Black Pop 10', '% Asian Pop 10', '% Age 85-Up Pop 10', '% Age 35-44 Pop 10', 'Locale_42-Rural: Distant', 'Locale_41-Rural: Fringe', 'Locale_33-Town: Remote', 'Locale_23-Suburb: Small', 'Locale_22-Suburb: Mid-size', 'Locale_21-Suburb: Large', 'Locale_12-City: Mid-size', 'Locale_11-City: Large', '% Title 1 Eligible Diff', '% Operational Schools Diff', '% Housing Renter Occup 10', '% Housing Owner Occup 10', '% County Infected 10/30/20', '% HH Married-Child 10', '% County Deaths 09/28/20', '% Age 25-34 Pop 10', '% Age 10-14 Pop 10']"
Lasso,45,by methods,n/a,Feature Importance - Random Forest,0.5968586387434555,0.6073298429319371,0.3021898631682962,0.5302037109542918,"['CARES ESSER I 20', 'ARP ESSER III 21', '% Reduced-price Lunch Diff', 'CRRSA ESSER II 21', '% Prek Diff', '% On Campus 09/28/20', '% Black Diff', 'Unemployed Level Diff', '% Tested Reading G7 Diff', '% Tested Reading G6 Diff', '% Tested Reading G4 Diff', '% On Campus 10/30/20', '% On Campus 01/29/21', 'Total Students Diff', 'Labor Force Diff', 'Employed Diff', 'Avg Household Size 10', '% White Diff', '% Kinder Diff', '% Grades 9-12 Diff', '% Grades 1-8 Diff', '% Free Lunch Diff', '% Asian Diff', '% Age 20-24 Pop 10', 'Unemployed Rate Diff', 'Teachers:Students Diff', 'Staff:Students Diff', 'Median Age Male 10', 'Median Age 10', 'Avg Family Size 10', '% White Pop 10', '% Tested Reading G8 Diff', '% Tested Reading G5 Diff', '% Tested Reading G3 Diff', '% Male Pop 10', '% Hispanic Diff', '% HH Married-noChild 10', '% HH Male-Child 10', '% Female Pop 10', '% County Infected 09/28/20', '% Age 85-Up Pop 10', '% Age 35-44 Pop 10', '% ADA Diff', '% County Infected 10/30/20', '% Hispanic Pop 10']"
Lasso,82,by methods,n/a,Permutation Importance - Ridge,0.5929319371727748,0.5759162303664922,0.23300774839559493,0.4986020424450568,"['CARES ESSER I 20', 'ARP ESSER III 21', '% Reduced-price Lunch Diff', '% Prek Diff', '% On Campus 09/28/20', '% Black Diff', 'Unemployed Level Diff', 'ESSER-SUPP 23', '% Tested Reading G7 Diff', '% Tested Reading G6 Diff', '% Tested Reading G4 Diff', '% On Campus 10/30/20', '% On Campus 01/29/21', 'Total Students Diff', 'Total Schools Diff', 'Median Age Female 10', 'Labor Force Diff', 'Employed Diff', 'Avg Household Size 10', '% White Diff', '% Kinder Diff', '% Grades 9-12 Diff', '% Grades 1-8 Diff', '% Free Lunch Diff', '% Asian Diff', '% Age 20-24 Pop 10', 'Unemployed Rate Diff', 'Teachers:Students Diff', 'Staff:Students Diff', 'Median Age Male 10', 'Median Age 10', 'Locale_43-Rural: Remote', 'Locale_32-Town: Distant', 'Locale_31-Town: Fringe', 'Locale_13-City: Small', 'ESSER-SUPP 22', 'County Population', 'Avg Family Size 10', '% White Pop 10', '% Title 1 School-wide Diff', '% Tested Reading G8 Diff', '% Tested Reading G5 Diff', '% Tested Reading G3 Diff', '% Male Pop 10', '% Hispanic Diff', '% HH Married-noChild 10', '% HH Male-Child 10', '% Female Pop 10', '% County Infected 09/28/20', '% Black Pop 10', '% Asian Pop 10', '% Age 85-Up Pop 10', '% Age 35-44 Pop 10', '% ADA Diff', '# of Households 10', '# of Families 10', 'Locale_41-Rural: Fringe', 'Locale_33-Town: Remote', 'Locale_22-Suburb: Mid-size', 'Locale_21-Suburb: Large', 'Locale_11-City: Large', '% Housing Vacant 10', '% Housing Renter Occup 10', '% Housing Owner Occup 10', '% County Infected 10/30/20', '% Age 15-19 Pop 10', '# of Housing Units 10', '% Hispanic Pop 10', '% HH Married-Child 10', '% HH Female-Child 10', '% HH 1 Male 10', '% County Infected 01/29/21', '% County Deaths 09/28/20', '% Age 65-74 Pop 10', '% Age 55-64 Pop 10', '% Age 25-34 Pop 10', '% Age 10-14 Pop 10', '% Age 0-4 Pop 10', '% County Deaths 10/30/20', '% County Deaths 01/29/21', '% Age 75-84 Pop 10', '% Age 45-54 Pop 10']"
Lasso,5,by methods,n/a,RFE - Ridge,0.5798429319371727,0.5916230366492147,0.26416588789898077,0.4993526107747939,"['CARES ESSER I 20', 'ARP ESSER III 21', 'CRRSA ESSER II 21', 'ESSER-SUPP 23', '% On Campus 10/30/20']"
Lasso,36,by methods,n/a,RFE - Random Forest,0.5968586387434555,0.6073298429319371,0.30346651902642624,0.5215770429327883,"['CARES ESSER I 20', 'ARP ESSER III 21', '% Reduced-price Lunch Diff', 'CRRSA ESSER II 21', '% Prek Diff', '% On Campus 09/28/20', '% Black Diff', 'Unemployed Level Diff', '% Tested Reading G7 Diff', '% Tested Reading G6 Diff', '% Tested Reading G4 Diff', '% On Campus 10/30/20', '% On Campus 01/29/21', 'Total Students Diff', 'Median Age Female 10', 'Labor Force Diff', 'Employed Diff', 'Avg Household Size 10', '% White Diff', '% Kinder Diff', '% Grades 9-12 Diff', '% Grades 1-8 Diff', '% Free Lunch Diff', '% Asian Diff', 'Teachers:Students Diff', 'Staff:Students Diff', '% Tested Reading G8 Diff', '% Tested Reading G5 Diff', '% Tested Reading G3 Diff', '% Male Pop 10', '% Hispanic Diff', '% HH Married-noChild 10', '% County Infected 09/28/20', '% Age 35-44 Pop 10', '% ADA Diff', '# of Families 10']"
Lasso,45,by methods,n/a,SFS - KNN,0.5759162303664922,0.5863874345549738,0.25697457602205037,0.5097101641372302,"['CARES ESSER I 20', 'ARP ESSER III 21', '% Reduced-price Lunch Diff', 'CRRSA ESSER II 21', '% Prek Diff', '% On Campus 09/28/20', 'Unemployed Level Diff', 'ESSER-SUPP 23', '% Tested Reading G7 Diff', '% Tested Reading G4 Diff', '% On Campus 10/30/20', '% On Campus 01/29/21', 'Total Students Diff', 'Total Schools Diff', 'Median Age Female 10', 'Employed Diff', 'Avg Household Size 10', '% White Diff', '% Age 20-24 Pop 10', 'Staff:Students Diff', 'Median Age Male 10', 'Median Age 10', 'Locale_43-Rural: Remote', 'Locale_32-Town: Distant', 'Locale_31-Town: Fringe', 'Locale_13-City: Small', 'ESSER-SUPP 22', 'County Population', 'Avg Family Size 10', '% Black Pop 10', '% Asian Pop 10', '% Age 85-Up Pop 10', '# of Households 10', '# of Families 10', 'Locale_42-Rural: Distant', 'Locale_41-Rural: Fringe', 'Locale_33-Town: Remote', 'Locale_23-Suburb: Small', 'Locale_22-Suburb: Mid-size', 'Locale_21-Suburb: Large', 'Locale_12-City: Mid-size', 'Locale_11-City: Large', '% Title 1 Eligible Diff', '% Operational Schools Diff', '# of Housing Units 10']"
Lasso,45,by methods,n/a,SFS - Ridge,0.5759162303664922,0.6020942408376964,0.29518907441579,0.5184876362970114,"['CARES ESSER I 20', 'ARP ESSER III 21', '% Reduced-price Lunch Diff', 'CRRSA ESSER II 21', '% Prek Diff', '% On Campus 09/28/20', '% Black Diff', 'ESSER-SUPP 23', '% Tested Reading G7 Diff', '% Tested Reading G6 Diff', '% Tested Reading G4 Diff', '% On Campus 01/29/21', 'Total Schools Diff', 'Labor Force Diff', '% Kinder Diff', '% Grades 9-12 Diff', '% Grades 1-8 Diff', '% Free Lunch Diff', '% Age 20-24 Pop 10', 'Locale_43-Rural: Remote', 'Locale_32-Town: Distant', 'Locale_31-Town: Fringe', 'Locale_13-City: Small', 'ESSER-SUPP 22', '% Title 1 School-wide Diff', '% Tested Reading G8 Diff', '% Tested Reading G5 Diff', '% Tested Reading G3 Diff', '% Male Pop 10', '% HH Male-Child 10', '% Female Pop 10', '% ADA Diff', 'Locale_23-Suburb: Small', 'Locale_12-City: Mid-size', '% Title 1 Eligible Diff', '% Operational Schools Diff', '% Housing Vacant 10', '% Housing Renter Occup 10', '% Housing Owner Occup 10', '% Age 15-19 Pop 10', '% HH 1 Male 10', '% County Infected 01/29/21', '% Age 65-74 Pop 10', '% Age 55-64 Pop 10', '% Age 5-9 Pop 10']"
Lasso,26,by methods,n/a,Permutation Importance - Random Forest,0.5824607329842932,0.6178010471204188,0.3261224647407904,0.5427398905501565,"['ARP ESSER III 21', '% Reduced-price Lunch Diff', '% On Campus 09/28/20', '% Black Diff', 'ESSER-SUPP 23', '% Tested Reading G6 Diff', '% Tested Reading G4 Diff', 'Total Schools Diff', 'Median Age Female 10', '% Grades 9-12 Diff', '% Age 20-24 Pop 10', 'Unemployed Rate Diff', 'County Population', '% White Pop 10', '% Title 1 School-wide Diff', '% HH Married-noChild 10', '% HH Male-Child 10', '% Female Pop 10', '% Black Pop 10', '% Asian Pop 10', '# of Households 10', '% Housing Vacant 10', '% Age 15-19 Pop 10', '% HH Female-Child 10', '% Age 5-9 Pop 10', '% Age 0-4 Pop 10']"
Ridge,89,by counts,1,,0.6413612565445026,0.5392670157068062,0.19454630533462972,0.509359156095441,"['CARES ESSER I 20', 'ARP ESSER III 21', '% Reduced-price Lunch Diff', 'CRRSA ESSER II 21', '% Prek Diff', '% On Campus 09/28/20', '% Black Diff', 'Unemployed Level Diff', 'ESSER-SUPP 23', '% Tested Reading G7 Diff', '% Tested Reading G6 Diff', '% Tested Reading G4 Diff', '% On Campus 10/30/20', '% On Campus 01/29/21', 'Total Students Diff', 'Total Schools Diff', 'Median Age Female 10', 'Labor Force Diff', 'Employed Diff', 'Avg Household Size 10', '% White Diff', '% Kinder Diff', '% Grades 9-12 Diff', '% Grades 1-8 Diff', '% Free Lunch Diff', '% Asian Diff', '% Age 20-24 Pop 10', 'Unemployed Rate Diff', 'Teachers:Students Diff', 'Staff:Students Diff', 'Median Age Male 10', 'Median Age 10', 'Locale_43-Rural: Remote', 'Locale_32-Town: Distant', 'Locale_31-Town: Fringe', 'Locale_13-City: Small', 'ESSER-SUPP 22', 'County Population', 'Avg Family Size 10', '% White Pop 10', '% Title 1 School-wide Diff', '% Tested Reading G8 Diff', '% Tested Reading G5 Diff', '% Tested Reading G3 Diff', '% Male Pop 10', '% Hispanic Diff', '% HH Married-noChild 10', '% HH Male-Child 10', '% Female Pop 10', '% County Infected 09/28/20', '% Black Pop 10', '% Asian Pop 10', '% Age 85-Up Pop 10', '% Age 35-44 Pop 10', '% ADA Diff', '# of Households 10', '# of Families 10', 'Locale_42-Rural: Distant', 'Locale_41-Rural: Fringe', 'Locale_33-Town: Remote', 'Locale_23-Suburb: Small', 'Locale_22-Suburb: Mid-size', 'Locale_21-Suburb: Large', 'Locale_12-City: Mid-size', 'Locale_11-City: Large', '% Title 1 Eligible Diff', '% Operational Schools Diff', '% Housing Vacant 10', '% Housing Renter Occup 10', '% Housing Owner Occup 10', '% County Infected 10/30/20', '% Age 15-19 Pop 10', '# of Housing Units 10', '% Hispanic Pop 10', '% HH Married-Child 10', '% HH Female-Child 10', '% HH 1 Male 10', '% County Infected 01/29/21', '% County Deaths 09/28/20', '% Age 65-74 Pop 10', '% Age 55-64 Pop 10', '% Age 5-9 Pop 10', '% Age 25-34 Pop 10', '% Age 10-14 Pop 10', '% Age 0-4 Pop 10', '% County Deaths 10/30/20', '% County Deaths 01/29/21', '% Age 75-84 Pop 10', '% Age 45-54 Pop 10']"
Ridge,85,by counts,2,,0.6465968586387435,0.5340314136125655,0.180687366302189,0.5016474092796535,"['CARES ESSER I 20', 'ARP ESSER III 21', '% Reduced-price Lunch Diff', 'CRRSA ESSER II 21', '% Prek Diff', '% On Campus 09/28/20', '% Black Diff', 'Unemployed Level Diff', 'ESSER-SUPP 23', '% Tested Reading G7 Diff', '% Tested Reading G6 Diff', '% Tested Reading G4 Diff', '% On Campus 10/30/20', '% On Campus 01/29/21', 'Total Students Diff', 'Total Schools Diff', 'Median Age Female 10', 'Labor Force Diff', 'Employed Diff', 'Avg Household Size 10', '% White Diff', '% Kinder Diff', '% Grades 9-12 Diff', '% Grades 1-8 Diff', '% Free Lunch Diff', '% Asian Diff', '% Age 20-24 Pop 10', 'Unemployed Rate Diff', 'Teachers:Students Diff', 'Staff:Students Diff', 'Median Age Male 10', 'Median Age 10', 'Locale_43-Rural: Remote', 'Locale_32-Town: Distant', 'Locale_31-Town: Fringe', 'Locale_13-City: Small', 'ESSER-SUPP 22', 'County Population', 'Avg Family Size 10', '% White Pop 10', '% Title 1 School-wide Diff', '% Tested Reading G8 Diff', '% Tested Reading G5 Diff', '% Tested Reading G3 Diff', '% Male Pop 10', '% Hispanic Diff', '% HH Married-noChild 10', '% HH Male-Child 10', '% Female Pop 10', '% County Infected 09/28/20', '% Black Pop 10', '% Asian Pop 10', '% Age 85-Up Pop 10', '% Age 35-44 Pop 10', '% ADA Diff', '# of Households 10', '# of Families 10', 'Locale_42-Rural: Distant', 'Locale_41-Rural: Fringe', 'Locale_33-Town: Remote', 'Locale_23-Suburb: Small', 'Locale_22-Suburb: Mid-size', 'Locale_21-Suburb: Large', 'Locale_12-City: Mid-size', 'Locale_11-City: Large', '% Title 1 Eligible Diff', '% Operational Schools Diff', '% Housing Vacant 10', '% Housing Renter Occup 10', '% Housing Owner Occup 10', '% County Infected 10/30/20', '% Age 15-19 Pop 10', '# of Housing Units 10', '% Hispanic Pop 10', '% HH Married-Child 10', '% HH Female-Child 10', '% HH 1 Male 10', '% County Infected 01/29/21', '% County Deaths 09/28/20', '% Age 65-74 Pop 10', '% Age 55-64 Pop 10', '% Age 5-9 Pop 10', '% Age 25-34 Pop 10', '% Age 10-14 Pop 10', '% Age 0-4 Pop 10']"
Ridge,73,by counts,3,,0.6321989528795812,0.5340314136125655,0.18368411385198333,0.5004998815450664,"['CARES ESSER I 20', 'ARP ESSER III 21', '% Reduced-price Lunch Diff', 'CRRSA ESSER II 21', '% Prek Diff', '% On Campus 09/28/20', '% Black Diff', 'Unemployed Level Diff', 'ESSER-SUPP 23', '% Tested Reading G7 Diff', '% Tested Reading G6 Diff', '% Tested Reading G4 Diff', '% On Campus 10/30/20', '% On Campus 01/29/21', 'Total Students Diff', 'Total Schools Diff', 'Median Age Female 10', 'Labor Force Diff', 'Employed Diff', 'Avg Household Size 10', '% White Diff', '% Kinder Diff', '% Grades 9-12 Diff', '% Grades 1-8 Diff', '% Free Lunch Diff', '% Asian Diff', '% Age 20-24 Pop 10', 'Unemployed Rate Diff', 'Teachers:Students Diff', 'Staff:Students Diff', 'Median Age Male 10', 'Median Age 10', 'Locale_43-Rural: Remote', 'Locale_32-Town: Distant', 'Locale_31-Town: Fringe', 'Locale_13-City: Small', 'ESSER-SUPP 22', 'County Population', 'Avg Family Size 10', '% White Pop 10', '% Title 1 School-wide Diff', '% Tested Reading G8 Diff', '% Tested Reading G5 Diff', '% Tested Reading G3 Diff', '% Male Pop 10', '% Hispanic Diff', '% HH Married-noChild 10', '% HH Male-Child 10', '% Female Pop 10', '% County Infected 09/28/20', '% Black Pop 10', '% Asian Pop 10', '% Age 85-Up Pop 10', '% Age 35-44 Pop 10', '% ADA Diff', '# of Households 10', '# of Families 10', 'Locale_42-Rural: Distant', 'Locale_41-Rural: Fringe', 'Locale_33-Town: Remote', 'Locale_23-Suburb: Small', 'Locale_22-Suburb: Mid-size', 'Locale_21-Suburb: Large', 'Locale_12-City: Mid-size', 'Locale_11-City: Large', '% Title 1 Eligible Diff', '% Operational Schools Diff', '% Housing Vacant 10', '% Housing Renter Occup 10', '% Housing Owner Occup 10', '% County Infected 10/30/20', '% Age 15-19 Pop 10', '# of Housing Units 10']"
Ridge,57,by counts,4,,0.6073298429319371,0.5654450261780105,0.2327859563526929,0.5224953412015263,"['CARES ESSER I 20', 'ARP ESSER III 21', '% Reduced-price Lunch Diff', 'CRRSA ESSER II 21', '% Prek Diff', '% On Campus 09/28/20', '% Black Diff', 'Unemployed Level Diff', 'ESSER-SUPP 23', '% Tested Reading G7 Diff', '% Tested Reading G6 Diff', '% Tested Reading G4 Diff', '% On Campus 10/30/20', '% On Campus 01/29/21', 'Total Students Diff', 'Total Schools Diff', 'Median Age Female 10', 'Labor Force Diff', 'Employed Diff', 'Avg Household Size 10', '% White Diff', '% Kinder Diff', '% Grades 9-12 Diff', '% Grades 1-8 Diff', '% Free Lunch Diff', '% Asian Diff', '% Age 20-24 Pop 10', 'Unemployed Rate Diff', 'Teachers:Students Diff', 'Staff:Students Diff', 'Median Age Male 10', 'Median Age 10', 'Locale_43-Rural: Remote', 'Locale_32-Town: Distant', 'Locale_31-Town: Fringe', 'Locale_13-City: Small', 'ESSER-SUPP 22', 'County Population', 'Avg Family Size 10', '% White Pop 10', '% Title 1 School-wide Diff', '% Tested Reading G8 Diff', '% Tested Reading G5 Diff', '% Tested Reading G3 Diff', '% Male Pop 10', '% Hispanic Diff', '% HH Married-noChild 10', '% HH Male-Child 10', '% Female Pop 10', '% County Infected 09/28/20', '% Black Pop 10', '% Asian Pop 10', '% Age 85-Up Pop 10', '% Age 35-44 Pop 10', '% ADA Diff', '# of Households 10', '# of Families 10']"
Ridge,27,by counts,5,,0.5929319371727748,0.5968586387434555,0.2878285236521556,0.5311649589356483,"['CARES ESSER I 20', 'ARP ESSER III 21', '% Reduced-price Lunch Diff', 'CRRSA ESSER II 21', '% Prek Diff', '% On Campus 09/28/20', '% Black Diff', 'Unemployed Level Diff', 'ESSER-SUPP 23', '% Tested Reading G7 Diff', '% Tested Reading G6 Diff', '% Tested Reading G4 Diff', '% On Campus 10/30/20', '% On Campus 01/29/21', 'Total Students Diff', 'Total Schools Diff', 'Median Age Female 10', 'Labor Force Diff', 'Employed Diff', 'Avg Household Size 10', '% White Diff', '% Kinder Diff', '% Grades 9-12 Diff', '% Grades 1-8 Diff', '% Free Lunch Diff', '% Asian Diff', '% Age 20-24 Pop 10']"
Ridge,14,by counts,6,,0.5759162303664922,0.612565445026178,0.3204027539992052,0.5272999252056844,"['CARES ESSER I 20', 'ARP ESSER III 21', '% Reduced-price Lunch Diff', 'CRRSA ESSER II 21', '% Prek Diff', '% On Campus 09/28/20', '% Black Diff', 'Unemployed Level Diff', 'ESSER-SUPP 23', '% Tested Reading G7 Diff', '% Tested Reading G6 Diff', '% Tested Reading G4 Diff', '% On Campus 10/30/20', '% On Campus 01/29/21']"
Ridge,7,by counts,7,,0.5732984293193717,0.5968586387434555,0.2791572378302701,0.5082688598257626,"['CARES ESSER I 20', 'ARP ESSER III 21', '% Reduced-price Lunch Diff', 'CRRSA ESSER II 21', '% Prek Diff', '% On Campus 09/28/20', '% Black Diff']"
Ridge,3,by counts,8,,0.5497382198952879,0.518324607329843,-0.004934729266466246,0.3870119630388047,"['CARES ESSER I 20', 'ARP ESSER III 21', '% Reduced-price Lunch Diff']"
Ridge,20,by methods,n/a,Variance Threshold,0.5523560209424084,0.5445026178010471,0.13910343289944532,0.45137864034627784,"['CARES ESSER I 20', 'ARP ESSER III 21', '% Reduced-price Lunch Diff', 'CRRSA ESSER II 21', '% Prek Diff', '% Black Diff', 'Unemployed Level Diff', 'ESSER-SUPP 23', 'Median Age Female 10', 'Avg Household Size 10', '% Asian Diff', 'Median Age Male 10', 'Median Age 10', 'ESSER-SUPP 22', 'County Population', 'Avg Family Size 10', '# of Households 10', '# of Families 10', 'Locale_42-Rural: Distant', '# of Housing Units 10']"
Ridge,51,by methods,n/a,Regularization - Lasso,0.6348167539267016,0.5235602094240838,0.15171829969174294,0.4848687330986474,"['CARES ESSER I 20', '% Reduced-price Lunch Diff', 'CRRSA ESSER II 21', '% Prek Diff', '% On Campus 09/28/20', '% Black Diff', 'Unemployed Level Diff', '% Tested Reading G7 Diff', '% Tested Reading G6 Diff', '% On Campus 10/30/20', '% On Campus 01/29/21', 'Total Students Diff', 'Total Schools Diff', 'Labor Force Diff', 'Employed Diff', '% White Diff', '% Kinder Diff', '% Grades 1-8 Diff', '% Free Lunch Diff', '% Asian Diff', 'Unemployed Rate Diff', 'Teachers:Students Diff', 'Locale_43-Rural: Remote', 'Locale_32-Town: Distant', 'Locale_31-Town: Fringe', 'Locale_13-City: Small', '% White Pop 10', '% Title 1 School-wide Diff', '% Hispanic Diff', '% County Infected 09/28/20', '% Black Pop 10', '% Asian Pop 10', '% Age 85-Up Pop 10', '% Age 35-44 Pop 10', 'Locale_42-Rural: Distant', 'Locale_41-Rural: Fringe', 'Locale_33-Town: Remote', 'Locale_23-Suburb: Small', 'Locale_22-Suburb: Mid-size', 'Locale_21-Suburb: Large', 'Locale_12-City: Mid-size', 'Locale_11-City: Large', '% Title 1 Eligible Diff', '% Operational Schools Diff', '% Housing Renter Occup 10', '% Housing Owner Occup 10', '% County Infected 10/30/20', '% HH Married-Child 10', '% County Deaths 09/28/20', '% Age 25-34 Pop 10', '% Age 10-14 Pop 10']"
Ridge,45,by methods,n/a,Feature Importance - Random Forest,0.6099476439790575,0.5706806282722513,0.2394267212711013,0.5269767412009004,"['CARES ESSER I 20', 'ARP ESSER III 21', '% Reduced-price Lunch Diff', 'CRRSA ESSER II 21', '% Prek Diff', '% On Campus 09/28/20', '% Black Diff', 'Unemployed Level Diff', '% Tested Reading G7 Diff', '% Tested Reading G6 Diff', '% Tested Reading G4 Diff', '% On Campus 10/30/20', '% On Campus 01/29/21', 'Total Students Diff', 'Labor Force Diff', 'Employed Diff', 'Avg Household Size 10', '% White Diff', '% Kinder Diff', '% Grades 9-12 Diff', '% Grades 1-8 Diff', '% Free Lunch Diff', '% Asian Diff', '% Age 20-24 Pop 10', 'Unemployed Rate Diff', 'Teachers:Students Diff', 'Staff:Students Diff', 'Median Age Male 10', 'Median Age 10', 'Avg Family Size 10', '% White Pop 10', '% Tested Reading G8 Diff', '% Tested Reading G5 Diff', '% Tested Reading G3 Diff', '% Male Pop 10', '% Hispanic Diff', '% HH Married-noChild 10', '% HH Male-Child 10', '% Female Pop 10', '% County Infected 09/28/20', '% Age 85-Up Pop 10', '% Age 35-44 Pop 10', '% ADA Diff', '% County Infected 10/30/20', '% Hispanic Pop 10']"
Ridge,82,by methods,n/a,Permutation Importance - Ridge,0.6308900523560209,0.5497382198952879,0.2045171897758713,0.5083327978392559,"['CARES ESSER I 20', 'ARP ESSER III 21', '% Reduced-price Lunch Diff', '% Prek Diff', '% On Campus 09/28/20', '% Black Diff', 'Unemployed Level Diff', 'ESSER-SUPP 23', '% Tested Reading G7 Diff', '% Tested Reading G6 Diff', '% Tested Reading G4 Diff', '% On Campus 10/30/20', '% On Campus 01/29/21', 'Total Students Diff', 'Total Schools Diff', 'Median Age Female 10', 'Labor Force Diff', 'Employed Diff', 'Avg Household Size 10', '% White Diff', '% Kinder Diff', '% Grades 9-12 Diff', '% Grades 1-8 Diff', '% Free Lunch Diff', '% Asian Diff', '% Age 20-24 Pop 10', 'Unemployed Rate Diff', 'Teachers:Students Diff', 'Staff:Students Diff', 'Median Age Male 10', 'Median Age 10', 'Locale_43-Rural: Remote', 'Locale_32-Town: Distant', 'Locale_31-Town: Fringe', 'Locale_13-City: Small', 'ESSER-SUPP 22', 'County Population', 'Avg Family Size 10', '% White Pop 10', '% Title 1 School-wide Diff', '% Tested Reading G8 Diff', '% Tested Reading G5 Diff', '% Tested Reading G3 Diff', '% Male Pop 10', '% Hispanic Diff', '% HH Married-noChild 10', '% HH Male-Child 10', '% Female Pop 10', '% County Infected 09/28/20', '% Black Pop 10', '% Asian Pop 10', '% Age 85-Up Pop 10', '% Age 35-44 Pop 10', '% ADA Diff', '# of Households 10', '# of Families 10', 'Locale_41-Rural: Fringe', 'Locale_33-Town: Remote', 'Locale_22-Suburb: Mid-size', 'Locale_21-Suburb: Large', 'Locale_11-City: Large', '% Housing Vacant 10', '% Housing Renter Occup 10', '% Housing Owner Occup 10', '% County Infected 10/30/20', '% Age 15-19 Pop 10', '# of Housing Units 10', '% Hispanic Pop 10', '% HH Married-Child 10', '% HH Female-Child 10', '% HH 1 Male 10', '% County Infected 01/29/21', '% County Deaths 09/28/20', '% Age 65-74 Pop 10', '% Age 55-64 Pop 10', '% Age 25-34 Pop 10', '% Age 10-14 Pop 10', '% Age 0-4 Pop 10', '% County Deaths 10/30/20', '% County Deaths 01/29/21', '% Age 75-84 Pop 10', '% Age 45-54 Pop 10']"
Ridge,5,by methods,n/a,RFE - Ridge,0.5785340314136126,0.5759162303664922,0.22884439760797085,0.48820399771074896,"['CARES ESSER I 20', 'ARP ESSER III 21', 'CRRSA ESSER II 21', 'ESSER-SUPP 23', '% On Campus 10/30/20']"
Ridge,36,by methods,n/a,RFE - Random Forest,0.606020942408377,0.5916230366492147,0.27944181900202747,0.5458119481769961,"['CARES ESSER I 20', 'ARP ESSER III 21', '% Reduced-price Lunch Diff', 'CRRSA ESSER II 21', '% Prek Diff', '% On Campus 09/28/20', '% Black Diff', 'Unemployed Level Diff', '% Tested Reading G7 Diff', '% Tested Reading G6 Diff', '% Tested Reading G4 Diff', '% On Campus 10/30/20', '% On Campus 01/29/21', 'Total Students Diff', 'Median Age Female 10', 'Labor Force Diff', 'Employed Diff', 'Avg Household Size 10', '% White Diff', '% Kinder Diff', '% Grades 9-12 Diff', '% Grades 1-8 Diff', '% Free Lunch Diff', '% Asian Diff', 'Teachers:Students Diff', 'Staff:Students Diff', '% Tested Reading G8 Diff', '% Tested Reading G5 Diff', '% Tested Reading G3 Diff', '% Male Pop 10', '% Hispanic Diff', '% HH Married-noChild 10', '% County Infected 09/28/20', '% Age 35-44 Pop 10', '% ADA Diff', '# of Families 10']"
Ridge,45,by methods,n/a,SFS - KNN,0.5942408376963351,0.5706806282722513,0.22460370032207574,0.5142727584612401,"['CARES ESSER I 20', 'ARP ESSER III 21', '% Reduced-price Lunch Diff', 'CRRSA ESSER II 21', '% Prek Diff', '% On Campus 09/28/20', 'Unemployed Level Diff', 'ESSER-SUPP 23', '% Tested Reading G7 Diff', '% Tested Reading G4 Diff', '% On Campus 10/30/20', '% On Campus 01/29/21', 'Total Students Diff', 'Total Schools Diff', 'Median Age Female 10', 'Employed Diff', 'Avg Household Size 10', '% White Diff', '% Age 20-24 Pop 10', 'Staff:Students Diff', 'Median Age Male 10', 'Median Age 10', 'Locale_43-Rural: Remote', 'Locale_32-Town: Distant', 'Locale_31-Town: Fringe', 'Locale_13-City: Small', 'ESSER-SUPP 22', 'County Population', 'Avg Family Size 10', '% Black Pop 10', '% Asian Pop 10', '% Age 85-Up Pop 10', '# of Households 10', '# of Families 10', 'Locale_42-Rural: Distant', 'Locale_41-Rural: Fringe', 'Locale_33-Town: Remote', 'Locale_23-Suburb: Small', 'Locale_22-Suburb: Mid-size', 'Locale_21-Suburb: Large', 'Locale_12-City: Mid-size', 'Locale_11-City: Large', '% Title 1 Eligible Diff', '% Operational Schools Diff', '# of Housing Units 10']"
Ridge,45,by methods,n/a,SFS - Ridge,0.606020942408377,0.5759162303664922,0.2508965411854224,0.5242231627832973,"['CARES ESSER I 20', 'ARP ESSER III 21', '% Reduced-price Lunch Diff', 'CRRSA ESSER II 21', '% Prek Diff', '% On Campus 09/28/20', '% Black Diff', 'ESSER-SUPP 23', '% Tested Reading G7 Diff', '% Tested Reading G6 Diff', '% Tested Reading G4 Diff', '% On Campus 01/29/21', 'Total Schools Diff', 'Labor Force Diff', '% Kinder Diff', '% Grades 9-12 Diff', '% Grades 1-8 Diff', '% Free Lunch Diff', '% Age 20-24 Pop 10', 'Locale_43-Rural: Remote', 'Locale_32-Town: Distant', 'Locale_31-Town: Fringe', 'Locale_13-City: Small', 'ESSER-SUPP 22', '% Title 1 School-wide Diff', '% Tested Reading G8 Diff', '% Tested Reading G5 Diff', '% Tested Reading G3 Diff', '% Male Pop 10', '% HH Male-Child 10', '% Female Pop 10', '% ADA Diff', 'Locale_23-Suburb: Small', 'Locale_12-City: Mid-size', '% Title 1 Eligible Diff', '% Operational Schools Diff', '% Housing Vacant 10', '% Housing Renter Occup 10', '% Housing Owner Occup 10', '% Age 15-19 Pop 10', '% HH 1 Male 10', '% County Infected 01/29/21', '% Age 65-74 Pop 10', '% Age 55-64 Pop 10', '% Age 5-9 Pop 10']"
Ridge,26,by methods,n/a,Permutation Importance - Random Forest,0.5824607329842932,0.5968586387434555,0.277948029056864,0.5250967897492423,"['ARP ESSER III 21', '% Reduced-price Lunch Diff', '% On Campus 09/28/20', '% Black Diff', 'ESSER-SUPP 23', '% Tested Reading G6 Diff', '% Tested Reading G4 Diff', 'Total Schools Diff', 'Median Age Female 10', '% Grades 9-12 Diff', '% Age 20-24 Pop 10', 'Unemployed Rate Diff', 'County Population', '% White Pop 10', '% Title 1 School-wide Diff', '% HH Married-noChild 10', '% HH Male-Child 10', '% Female Pop 10', '% Black Pop 10', '% Asian Pop 10', '# of Households 10', '% Housing Vacant 10', '% Age 15-19 Pop 10', '% HH Female-Child 10', '% Age 5-9 Pop 10', '% Age 0-4 Pop 10']"
Random Forest,89,by counts,1,,1.0,0.5549738219895288,0.20560152901179551,0.5071091656164917,"['CARES ESSER I 20', 'ARP ESSER III 21', '% Reduced-price Lunch Diff', 'CRRSA ESSER II 21', '% Prek Diff', '% On Campus 09/28/20', '% Black Diff', 'Unemployed Level Diff', 'ESSER-SUPP 23', '% Tested Reading G7 Diff', '% Tested Reading G6 Diff', '% Tested Reading G4 Diff', '% On Campus 10/30/20', '% On Campus 01/29/21', 'Total Students Diff', 'Total Schools Diff', 'Median Age Female 10', 'Labor Force Diff', 'Employed Diff', 'Avg Household Size 10', '% White Diff', '% Kinder Diff', '% Grades 9-12 Diff', '% Grades 1-8 Diff', '% Free Lunch Diff', '% Asian Diff', '% Age 20-24 Pop 10', 'Unemployed Rate Diff', 'Teachers:Students Diff', 'Staff:Students Diff', 'Median Age Male 10', 'Median Age 10', 'Locale_43-Rural: Remote', 'Locale_32-Town: Distant', 'Locale_31-Town: Fringe', 'Locale_13-City: Small', 'ESSER-SUPP 22', 'County Population', 'Avg Family Size 10', '% White Pop 10', '% Title 1 School-wide Diff', '% Tested Reading G8 Diff', '% Tested Reading G5 Diff', '% Tested Reading G3 Diff', '% Male Pop 10', '% Hispanic Diff', '% HH Married-noChild 10', '% HH Male-Child 10', '% Female Pop 10', '% County Infected 09/28/20', '% Black Pop 10', '% Asian Pop 10', '% Age 85-Up Pop 10', '% Age 35-44 Pop 10', '% ADA Diff', '# of Households 10', '# of Families 10', 'Locale_42-Rural: Distant', 'Locale_41-Rural: Fringe', 'Locale_33-Town: Remote', 'Locale_23-Suburb: Small', 'Locale_22-Suburb: Mid-size', 'Locale_21-Suburb: Large', 'Locale_12-City: Mid-size', 'Locale_11-City: Large', '% Title 1 Eligible Diff', '% Operational Schools Diff', '% Housing Vacant 10', '% Housing Renter Occup 10', '% Housing Owner Occup 10', '% County Infected 10/30/20', '% Age 15-19 Pop 10', '# of Housing Units 10', '% Hispanic Pop 10', '% HH Married-Child 10', '% HH Female-Child 10', '% HH 1 Male 10', '% County Infected 01/29/21', '% County Deaths 09/28/20', '% Age 65-74 Pop 10', '% Age 55-64 Pop 10', '% Age 5-9 Pop 10', '% Age 25-34 Pop 10', '% Age 10-14 Pop 10', '% Age 0-4 Pop 10', '% County Deaths 10/30/20', '% County Deaths 01/29/21', '% Age 75-84 Pop 10', '% Age 45-54 Pop 10']"
Random Forest,85,by counts,2,,1.0,0.5549738219895288,0.21127745735220446,0.5043458076496531,"['CARES ESSER I 20', 'ARP ESSER III 21', '% Reduced-price Lunch Diff', 'CRRSA ESSER II 21', '% Prek Diff', '% On Campus 09/28/20', '% Black Diff', 'Unemployed Level Diff', 'ESSER-SUPP 23', '% Tested Reading G7 Diff', '% Tested Reading G6 Diff', '% Tested Reading G4 Diff', '% On Campus 10/30/20', '% On Campus 01/29/21', 'Total Students Diff', 'Total Schools Diff', 'Median Age Female 10', 'Labor Force Diff', 'Employed Diff', 'Avg Household Size 10', '% White Diff', '% Kinder Diff', '% Grades 9-12 Diff', '% Grades 1-8 Diff', '% Free Lunch Diff', '% Asian Diff', '% Age 20-24 Pop 10', 'Unemployed Rate Diff', 'Teachers:Students Diff', 'Staff:Students Diff', 'Median Age Male 10', 'Median Age 10', 'Locale_43-Rural: Remote', 'Locale_32-Town: Distant', 'Locale_31-Town: Fringe', 'Locale_13-City: Small', 'ESSER-SUPP 22', 'County Population', 'Avg Family Size 10', '% White Pop 10', '% Title 1 School-wide Diff', '% Tested Reading G8 Diff', '% Tested Reading G5 Diff', '% Tested Reading G3 Diff', '% Male Pop 10', '% Hispanic Diff', '% HH Married-noChild 10', '% HH Male-Child 10', '% Female Pop 10', '% County Infected 09/28/20', '% Black Pop 10', '% Asian Pop 10', '% Age 85-Up Pop 10', '% Age 35-44 Pop 10', '% ADA Diff', '# of Households 10', '# of Families 10', 'Locale_42-Rural: Distant', 'Locale_41-Rural: Fringe', 'Locale_33-Town: Remote', 'Locale_23-Suburb: Small', 'Locale_22-Suburb: Mid-size', 'Locale_21-Suburb: Large', 'Locale_12-City: Mid-size', 'Locale_11-City: Large', '% Title 1 Eligible Diff', '% Operational Schools Diff', '% Housing Vacant 10', '% Housing Renter Occup 10', '% Housing Owner Occup 10', '% County Infected 10/30/20', '% Age 15-19 Pop 10', '# of Housing Units 10', '% Hispanic Pop 10', '% HH Married-Child 10', '% HH Female-Child 10', '% HH 1 Male 10', '% County Infected 01/29/21', '% County Deaths 09/28/20', '% Age 65-74 Pop 10', '% Age 55-64 Pop 10', '% Age 5-9 Pop 10', '% Age 25-34 Pop 10', '% Age 10-14 Pop 10', '% Age 0-4 Pop 10']"
Random Forest,73,by counts,3,,1.0,0.5602094240837696,0.22215141312502779,0.5160559763702685,"['CARES ESSER I 20', 'ARP ESSER III 21', '% Reduced-price Lunch Diff', 'CRRSA ESSER II 21', '% Prek Diff', '% On Campus 09/28/20', '% Black Diff', 'Unemployed Level Diff', 'ESSER-SUPP 23', '% Tested Reading G7 Diff', '% Tested Reading G6 Diff', '% Tested Reading G4 Diff', '% On Campus 10/30/20', '% On Campus 01/29/21', 'Total Students Diff', 'Total Schools Diff', 'Median Age Female 10', 'Labor Force Diff', 'Employed Diff', 'Avg Household Size 10', '% White Diff', '% Kinder Diff', '% Grades 9-12 Diff', '% Grades 1-8 Diff', '% Free Lunch Diff', '% Asian Diff', '% Age 20-24 Pop 10', 'Unemployed Rate Diff', 'Teachers:Students Diff', 'Staff:Students Diff', 'Median Age Male 10', 'Median Age 10', 'Locale_43-Rural: Remote', 'Locale_32-Town: Distant', 'Locale_31-Town: Fringe', 'Locale_13-City: Small', 'ESSER-SUPP 22', 'County Population', 'Avg Family Size 10', '% White Pop 10', '% Title 1 School-wide Diff', '% Tested Reading G8 Diff', '% Tested Reading G5 Diff', '% Tested Reading G3 Diff', '% Male Pop 10', '% Hispanic Diff', '% HH Married-noChild 10', '% HH Male-Child 10', '% Female Pop 10', '% County Infected 09/28/20', '% Black Pop 10', '% Asian Pop 10', '% Age 85-Up Pop 10', '% Age 35-44 Pop 10', '% ADA Diff', '# of Households 10', '# of Families 10', 'Locale_42-Rural: Distant', 'Locale_41-Rural: Fringe', 'Locale_33-Town: Remote', 'Locale_23-Suburb: Small', 'Locale_22-Suburb: Mid-size', 'Locale_21-Suburb: Large', 'Locale_12-City: Mid-size', 'Locale_11-City: Large', '% Title 1 Eligible Diff', '% Operational Schools Diff', '% Housing Vacant 10', '% Housing Renter Occup 10', '% Housing Owner Occup 10', '% County Infected 10/30/20', '% Age 15-19 Pop 10', '# of Housing Units 10']"
Random Forest,57,by counts,4,,1.0,0.5497382198952879,0.20710407636187195,0.515908625544662,"['CARES ESSER I 20', 'ARP ESSER III 21', '% Reduced-price Lunch Diff', 'CRRSA ESSER II 21', '% Prek Diff', '% On Campus 09/28/20', '% Black Diff', 'Unemployed Level Diff', 'ESSER-SUPP 23', '% Tested Reading G7 Diff', '% Tested Reading G6 Diff', '% Tested Reading G4 Diff', '% On Campus 10/30/20', '% On Campus 01/29/21', 'Total Students Diff', 'Total Schools Diff', 'Median Age Female 10', 'Labor Force Diff', 'Employed Diff', 'Avg Household Size 10', '% White Diff', '% Kinder Diff', '% Grades 9-12 Diff', '% Grades 1-8 Diff', '% Free Lunch Diff', '% Asian Diff', '% Age 20-24 Pop 10', 'Unemployed Rate Diff', 'Teachers:Students Diff', 'Staff:Students Diff', 'Median Age Male 10', 'Median Age 10', 'Locale_43-Rural: Remote', 'Locale_32-Town: Distant', 'Locale_31-Town: Fringe', 'Locale_13-City: Small', 'ESSER-SUPP 22', 'County Population', 'Avg Family Size 10', '% White Pop 10', '% Title 1 School-wide Diff', '% Tested Reading G8 Diff', '% Tested Reading G5 Diff', '% Tested Reading G3 Diff', '% Male Pop 10', '% Hispanic Diff', '% HH Married-noChild 10', '% HH Male-Child 10', '% Female Pop 10', '% County Infected 09/28/20', '% Black Pop 10', '% Asian Pop 10', '% Age 85-Up Pop 10', '% Age 35-44 Pop 10', '% ADA Diff', '# of Households 10', '# of Families 10']"
Random Forest,27,by counts,5,,1.0,0.5602094240837696,0.2313106109467702,0.5294323602420709,"['CARES ESSER I 20', 'ARP ESSER III 21', '% Reduced-price Lunch Diff', 'CRRSA ESSER II 21', '% Prek Diff', '% On Campus 09/28/20', '% Black Diff', 'Unemployed Level Diff', 'ESSER-SUPP 23', '% Tested Reading G7 Diff', '% Tested Reading G6 Diff', '% Tested Reading G4 Diff', '% On Campus 10/30/20', '% On Campus 01/29/21', 'Total Students Diff', 'Total Schools Diff', 'Median Age Female 10', 'Labor Force Diff', 'Employed Diff', 'Avg Household Size 10', '% White Diff', '% Kinder Diff', '% Grades 9-12 Diff', '% Grades 1-8 Diff', '% Free Lunch Diff', '% Asian Diff', '% Age 20-24 Pop 10']"
Random Forest,14,by counts,6,,1.0,0.5078534031413613,0.13411572207778613,0.48238765654535526,"['CARES ESSER I 20', 'ARP ESSER III 21', '% Reduced-price Lunch Diff', 'CRRSA ESSER II 21', '% Prek Diff', '% On Campus 09/28/20', '% Black Diff', 'Unemployed Level Diff', 'ESSER-SUPP 23', '% Tested Reading G7 Diff', '% Tested Reading G6 Diff', '% Tested Reading G4 Diff', '% On Campus 10/30/20', '% On Campus 01/29/21']"
Random Forest,7,by counts,7,,1.0,0.518324607329843,0.12909427581218982,0.47890889585320817,"['CARES ESSER I 20', 'ARP ESSER III 21', '% Reduced-price Lunch Diff', 'CRRSA ESSER II 21', '% Prek Diff', '% On Campus 09/28/20', '% Black Diff']"
Random Forest,3,by counts,8,,0.9960732984293194,0.45549738219895286,0.030875187709152818,0.422276213588597,"['CARES ESSER I 20', 'ARP ESSER III 21', '% Reduced-price Lunch Diff']"
Random Forest,20,by methods,n/a,Variance Threshold,1.0,0.4973821989528796,0.09542980694101866,0.46502994554375743,"['CARES ESSER I 20', 'ARP ESSER III 21', '% Reduced-price Lunch Diff', 'CRRSA ESSER II 21', '% Prek Diff', '% Black Diff', 'Unemployed Level Diff', 'ESSER-SUPP 23', 'Median Age Female 10', 'Avg Household Size 10', '% Asian Diff', 'Median Age Male 10', 'Median Age 10', 'ESSER-SUPP 22', 'County Population', 'Avg Family Size 10', '# of Households 10', '# of Families 10', 'Locale_42-Rural: Distant', '# of Housing Units 10']"
Random Forest,51,by methods,n/a,Regularization - Lasso,1.0,0.5497382198952879,0.1962019942902129,0.500906653045588,"['CARES ESSER I 20', '% Reduced-price Lunch Diff', 'CRRSA ESSER II 21', '% Prek Diff', '% On Campus 09/28/20', '% Black Diff', 'Unemployed Level Diff', '% Tested Reading G7 Diff', '% Tested Reading G6 Diff', '% On Campus 10/30/20', '% On Campus 01/29/21', 'Total Students Diff', 'Total Schools Diff', 'Labor Force Diff', 'Employed Diff', '% White Diff', '% Kinder Diff', '% Grades 1-8 Diff', '% Free Lunch Diff', '% Asian Diff', 'Unemployed Rate Diff', 'Teachers:Students Diff', 'Locale_43-Rural: Remote', 'Locale_32-Town: Distant', 'Locale_31-Town: Fringe', 'Locale_13-City: Small', '% White Pop 10', '% Title 1 School-wide Diff', '% Hispanic Diff', '% County Infected 09/28/20', '% Black Pop 10', '% Asian Pop 10', '% Age 85-Up Pop 10', '% Age 35-44 Pop 10', 'Locale_42-Rural: Distant', 'Locale_41-Rural: Fringe', 'Locale_33-Town: Remote', 'Locale_23-Suburb: Small', 'Locale_22-Suburb: Mid-size', 'Locale_21-Suburb: Large', 'Locale_12-City: Mid-size', 'Locale_11-City: Large', '% Title 1 Eligible Diff', '% Operational Schools Diff', '% Housing Renter Occup 10', '% Housing Owner Occup 10', '% County Infected 10/30/20', '% HH Married-Child 10', '% County Deaths 09/28/20', '% Age 25-34 Pop 10', '% Age 10-14 Pop 10']"
Random Forest,45,by methods,n/a,Feature Importance - Random Forest,1.0,0.5602094240837696,0.23227644867986255,0.5249245421247949,"['CARES ESSER I 20', 'ARP ESSER III 21', '% Reduced-price Lunch Diff', 'CRRSA ESSER II 21', '% Prek Diff', '% On Campus 09/28/20', '% Black Diff', 'Unemployed Level Diff', '% Tested Reading G7 Diff', '% Tested Reading G6 Diff', '% Tested Reading G4 Diff', '% On Campus 10/30/20', '% On Campus 01/29/21', 'Total Students Diff', 'Labor Force Diff', 'Employed Diff', 'Avg Household Size 10', '% White Diff', '% Kinder Diff', '% Grades 9-12 Diff', '% Grades 1-8 Diff', '% Free Lunch Diff', '% Asian Diff', '% Age 20-24 Pop 10', 'Unemployed Rate Diff', 'Teachers:Students Diff', 'Staff:Students Diff', 'Median Age Male 10', 'Median Age 10', 'Avg Family Size 10', '% White Pop 10', '% Tested Reading G8 Diff', '% Tested Reading G5 Diff', '% Tested Reading G3 Diff', '% Male Pop 10', '% Hispanic Diff', '% HH Married-noChild 10', '% HH Male-Child 10', '% Female Pop 10', '% County Infected 09/28/20', '% Age 85-Up Pop 10', '% Age 35-44 Pop 10', '% ADA Diff', '% County Infected 10/30/20', '% Hispanic Pop 10']"
Random Forest,82,by methods,n/a,Permutation Importance - Ridge,1.0,0.5602094240837696,0.22162647547456826,0.5162524369459396,"['CARES ESSER I 20', 'ARP ESSER III 21', '% Reduced-price Lunch Diff', '% Prek Diff', '% On Campus 09/28/20', '% Black Diff', 'Unemployed Level Diff', 'ESSER-SUPP 23', '% Tested Reading G7 Diff', '% Tested Reading G6 Diff', '% Tested Reading G4 Diff', '% On Campus 10/30/20', '% On Campus 01/29/21', 'Total Students Diff', 'Total Schools Diff', 'Median Age Female 10', 'Labor Force Diff', 'Employed Diff', 'Avg Household Size 10', '% White Diff', '% Kinder Diff', '% Grades 9-12 Diff', '% Grades 1-8 Diff', '% Free Lunch Diff', '% Asian Diff', '% Age 20-24 Pop 10', 'Unemployed Rate Diff', 'Teachers:Students Diff', 'Staff:Students Diff', 'Median Age Male 10', 'Median Age 10', 'Locale_43-Rural: Remote', 'Locale_32-Town: Distant', 'Locale_31-Town: Fringe', 'Locale_13-City: Small', 'ESSER-SUPP 22', 'County Population', 'Avg Family Size 10', '% White Pop 10', '% Title 1 School-wide Diff', '% Tested Reading G8 Diff', '% Tested Reading G5 Diff', '% Tested Reading G3 Diff', '% Male Pop 10', '% Hispanic Diff', '% HH Married-noChild 10', '% HH Male-Child 10', '% Female Pop 10', '% County Infected 09/28/20', '% Black Pop 10', '% Asian Pop 10', '% Age 85-Up Pop 10', '% Age 35-44 Pop 10', '% ADA Diff', '# of Households 10', '# of Families 10', 'Locale_41-Rural: Fringe', 'Locale_33-Town: Remote', 'Locale_22-Suburb: Mid-size', 'Locale_21-Suburb: Large', 'Locale_11-City: Large', '% Housing Vacant 10', '% Housing Renter Occup 10', '% Housing Owner Occup 10', '% County Infected 10/30/20', '% Age 15-19 Pop 10', '# of Housing Units 10', '% Hispanic Pop 10', '% HH Married-Child 10', '% HH Female-Child 10', '% HH 1 Male 10', '% County Infected 01/29/21', '% County Deaths 09/28/20', '% Age 65-74 Pop 10', '% Age 55-64 Pop 10', '% Age 25-34 Pop 10', '% Age 10-14 Pop 10', '% Age 0-4 Pop 10', '% County Deaths 10/30/20', '% County Deaths 01/29/21', '% Age 75-84 Pop 10', '% Age 45-54 Pop 10']"
Random Forest,5,by methods,n/a,RFE - Ridge,1.0,0.49214659685863876,0.11288055926191996,0.4685847664477594,"['CARES ESSER I 20', 'ARP ESSER III 21', 'CRRSA ESSER II 21', 'ESSER-SUPP 23', '% On Campus 10/30/20']"
Random Forest,36,by methods,n/a,RFE - Random Forest,1.0,0.5706806282722513,0.2463734439333972,0.5341959734798782,"['CARES ESSER I 20', 'ARP ESSER III 21', '% Reduced-price Lunch Diff', 'CRRSA ESSER II 21', '% Prek Diff', '% On Campus 09/28/20', '% Black Diff', 'Unemployed Level Diff', '% Tested Reading G7 Diff', '% Tested Reading G6 Diff', '% Tested Reading G4 Diff', '% On Campus 10/30/20', '% On Campus 01/29/21', 'Total Students Diff', 'Median Age Female 10', 'Labor Force Diff', 'Employed Diff', 'Avg Household Size 10', '% White Diff', '% Kinder Diff', '% Grades 9-12 Diff', '% Grades 1-8 Diff', '% Free Lunch Diff', '% Asian Diff', 'Teachers:Students Diff', 'Staff:Students Diff', '% Tested Reading G8 Diff', '% Tested Reading G5 Diff', '% Tested Reading G3 Diff', '% Male Pop 10', '% Hispanic Diff', '% HH Married-noChild 10', '% County Infected 09/28/20', '% Age 35-44 Pop 10', '% ADA Diff', '# of Families 10']"
Random Forest,45,by methods,n/a,SFS - KNN,1.0,0.5445026178010471,0.17891186725225194,0.48686312259714265,"['CARES ESSER I 20', 'ARP ESSER III 21', '% Reduced-price Lunch Diff', 'CRRSA ESSER II 21', '% Prek Diff', '% On Campus 09/28/20', 'Unemployed Level Diff', 'ESSER-SUPP 23', '% Tested Reading G7 Diff', '% Tested Reading G4 Diff', '% On Campus 10/30/20', '% On Campus 01/29/21', 'Total Students Diff', 'Total Schools Diff', 'Median Age Female 10', 'Employed Diff', 'Avg Household Size 10', '% White Diff', '% Age 20-24 Pop 10', 'Staff:Students Diff', 'Median Age Male 10', 'Median Age 10', 'Locale_43-Rural: Remote', 'Locale_32-Town: Distant', 'Locale_31-Town: Fringe', 'Locale_13-City: Small', 'ESSER-SUPP 22', 'County Population', 'Avg Family Size 10', '% Black Pop 10', '% Asian Pop 10', '% Age 85-Up Pop 10', '# of Households 10', '# of Families 10', 'Locale_42-Rural: Distant', 'Locale_41-Rural: Fringe', 'Locale_33-Town: Remote', 'Locale_23-Suburb: Small', 'Locale_22-Suburb: Mid-size', 'Locale_21-Suburb: Large', 'Locale_12-City: Mid-size', 'Locale_11-City: Large', '% Title 1 Eligible Diff', '% Operational Schools Diff', '# of Housing Units 10']"
Random Forest,45,by methods,n/a,SFS - Ridge,1.0,0.5916230366492147,0.275655800005453,0.5525089217885449,"['CARES ESSER I 20', 'ARP ESSER III 21', '% Reduced-price Lunch Diff', 'CRRSA ESSER II 21', '% Prek Diff', '% On Campus 09/28/20', '% Black Diff', 'ESSER-SUPP 23', '% Tested Reading G7 Diff', '% Tested Reading G6 Diff', '% Tested Reading G4 Diff', '% On Campus 01/29/21', 'Total Schools Diff', 'Labor Force Diff', '% Kinder Diff', '% Grades 9-12 Diff', '% Grades 1-8 Diff', '% Free Lunch Diff', '% Age 20-24 Pop 10', 'Locale_43-Rural: Remote', 'Locale_32-Town: Distant', 'Locale_31-Town: Fringe', 'Locale_13-City: Small', 'ESSER-SUPP 22', '% Title 1 School-wide Diff', '% Tested Reading G8 Diff', '% Tested Reading G5 Diff', '% Tested Reading G3 Diff', '% Male Pop 10', '% HH Male-Child 10', '% Female Pop 10', '% ADA Diff', 'Locale_23-Suburb: Small', 'Locale_12-City: Mid-size', '% Title 1 Eligible Diff', '% Operational Schools Diff', '% Housing Vacant 10', '% Housing Renter Occup 10', '% Housing Owner Occup 10', '% Age 15-19 Pop 10', '% HH 1 Male 10', '% County Infected 01/29/21', '% Age 65-74 Pop 10', '% Age 55-64 Pop 10', '% Age 5-9 Pop 10']"
Random Forest,26,by methods,n/a,Permutation Importance - Random Forest,1.0,0.5654450261780105,0.22816099819479407,0.5222629824715824,"['ARP ESSER III 21', '% Reduced-price Lunch Diff', '% On Campus 09/28/20', '% Black Diff', 'ESSER-SUPP 23', '% Tested Reading G6 Diff', '% Tested Reading G4 Diff', 'Total Schools Diff', 'Median Age Female 10', '% Grades 9-12 Diff', '% Age 20-24 Pop 10', 'Unemployed Rate Diff', 'County Population', '% White Pop 10', '% Title 1 School-wide Diff', '% HH Married-noChild 10', '% HH Male-Child 10', '% Female Pop 10', '% Black Pop 10', '% Asian Pop 10', '# of Households 10', '% Housing Vacant 10', '% Age 15-19 Pop 10', '% HH Female-Child 10', '% Age 5-9 Pop 10', '% Age 0-4 Pop 10']"
Gradient Boosting,89,by counts,1,,0.9528795811518325,0.5235602094240838,0.16450149053126445,0.4914781217704676,"['CARES ESSER I 20', 'ARP ESSER III 21', '% Reduced-price Lunch Diff', 'CRRSA ESSER II 21', '% Prek Diff', '% On Campus 09/28/20', '% Black Diff', 'Unemployed Level Diff', 'ESSER-SUPP 23', '% Tested Reading G7 Diff', '% Tested Reading G6 Diff', '% Tested Reading G4 Diff', '% On Campus 10/30/20', '% On Campus 01/29/21', 'Total Students Diff', 'Total Schools Diff', 'Median Age Female 10', 'Labor Force Diff', 'Employed Diff', 'Avg Household Size 10', '% White Diff', '% Kinder Diff', '% Grades 9-12 Diff', '% Grades 1-8 Diff', '% Free Lunch Diff', '% Asian Diff', '% Age 20-24 Pop 10', 'Unemployed Rate Diff', 'Teachers:Students Diff', 'Staff:Students Diff', 'Median Age Male 10', 'Median Age 10', 'Locale_43-Rural: Remote', 'Locale_32-Town: Distant', 'Locale_31-Town: Fringe', 'Locale_13-City: Small', 'ESSER-SUPP 22', 'County Population', 'Avg Family Size 10', '% White Pop 10', '% Title 1 School-wide Diff', '% Tested Reading G8 Diff', '% Tested Reading G5 Diff', '% Tested Reading G3 Diff', '% Male Pop 10', '% Hispanic Diff', '% HH Married-noChild 10', '% HH Male-Child 10', '% Female Pop 10', '% County Infected 09/28/20', '% Black Pop 10', '% Asian Pop 10', '% Age 85-Up Pop 10', '% Age 35-44 Pop 10', '% ADA Diff', '# of Households 10', '# of Families 10', 'Locale_42-Rural: Distant', 'Locale_41-Rural: Fringe', 'Locale_33-Town: Remote', 'Locale_23-Suburb: Small', 'Locale_22-Suburb: Mid-size', 'Locale_21-Suburb: Large', 'Locale_12-City: Mid-size', 'Locale_11-City: Large', '% Title 1 Eligible Diff', '% Operational Schools Diff', '% Housing Vacant 10', '% Housing Renter Occup 10', '% Housing Owner Occup 10', '% County Infected 10/30/20', '% Age 15-19 Pop 10', '# of Housing Units 10', '% Hispanic Pop 10', '% HH Married-Child 10', '% HH Female-Child 10', '% HH 1 Male 10', '% County Infected 01/29/21', '% County Deaths 09/28/20', '% Age 65-74 Pop 10', '% Age 55-64 Pop 10', '% Age 5-9 Pop 10', '% Age 25-34 Pop 10', '% Age 10-14 Pop 10', '% Age 0-4 Pop 10', '% County Deaths 10/30/20', '% County Deaths 01/29/21', '% Age 75-84 Pop 10', '% Age 45-54 Pop 10']"
Gradient Boosting,85,by counts,2,,0.943717277486911,0.5706806282722513,0.2553738982441091,0.547816192694759,"['CARES ESSER I 20', 'ARP ESSER III 21', '% Reduced-price Lunch Diff', 'CRRSA ESSER II 21', '% Prek Diff', '% On Campus 09/28/20', '% Black Diff', 'Unemployed Level Diff', 'ESSER-SUPP 23', '% Tested Reading G7 Diff', '% Tested Reading G6 Diff', '% Tested Reading G4 Diff', '% On Campus 10/30/20', '% On Campus 01/29/21', 'Total Students Diff', 'Total Schools Diff', 'Median Age Female 10', 'Labor Force Diff', 'Employed Diff', 'Avg Household Size 10', '% White Diff', '% Kinder Diff', '% Grades 9-12 Diff', '% Grades 1-8 Diff', '% Free Lunch Diff', '% Asian Diff', '% Age 20-24 Pop 10', 'Unemployed Rate Diff', 'Teachers:Students Diff', 'Staff:Students Diff', 'Median Age Male 10', 'Median Age 10', 'Locale_43-Rural: Remote', 'Locale_32-Town: Distant', 'Locale_31-Town: Fringe', 'Locale_13-City: Small', 'ESSER-SUPP 22', 'County Population', 'Avg Family Size 10', '% White Pop 10', '% Title 1 School-wide Diff', '% Tested Reading G8 Diff', '% Tested Reading G5 Diff', '% Tested Reading G3 Diff', '% Male Pop 10', '% Hispanic Diff', '% HH Married-noChild 10', '% HH Male-Child 10', '% Female Pop 10', '% County Infected 09/28/20', '% Black Pop 10', '% Asian Pop 10', '% Age 85-Up Pop 10', '% Age 35-44 Pop 10', '% ADA Diff', '# of Households 10', '# of Families 10', 'Locale_42-Rural: Distant', 'Locale_41-Rural: Fringe', 'Locale_33-Town: Remote', 'Locale_23-Suburb: Small', 'Locale_22-Suburb: Mid-size', 'Locale_21-Suburb: Large', 'Locale_12-City: Mid-size', 'Locale_11-City: Large', '% Title 1 Eligible Diff', '% Operational Schools Diff', '% Housing Vacant 10', '% Housing Renter Occup 10', '% Housing Owner Occup 10', '% County Infected 10/30/20', '% Age 15-19 Pop 10', '# of Housing Units 10', '% Hispanic Pop 10', '% HH Married-Child 10', '% HH Female-Child 10', '% HH 1 Male 10', '% County Infected 01/29/21', '% County Deaths 09/28/20', '% Age 65-74 Pop 10', '% Age 55-64 Pop 10', '% Age 5-9 Pop 10', '% Age 25-34 Pop 10', '% Age 10-14 Pop 10', '% Age 0-4 Pop 10']"
Gradient Boosting,73,by counts,3,,0.9476439790575916,0.5392670157068062,0.1994514457944434,0.5114802997636392,"['CARES ESSER I 20', 'ARP ESSER III 21', '% Reduced-price Lunch Diff', 'CRRSA ESSER II 21', '% Prek Diff', '% On Campus 09/28/20', '% Black Diff', 'Unemployed Level Diff', 'ESSER-SUPP 23', '% Tested Reading G7 Diff', '% Tested Reading G6 Diff', '% Tested Reading G4 Diff', '% On Campus 10/30/20', '% On Campus 01/29/21', 'Total Students Diff', 'Total Schools Diff', 'Median Age Female 10', 'Labor Force Diff', 'Employed Diff', 'Avg Household Size 10', '% White Diff', '% Kinder Diff', '% Grades 9-12 Diff', '% Grades 1-8 Diff', '% Free Lunch Diff', '% Asian Diff', '% Age 20-24 Pop 10', 'Unemployed Rate Diff', 'Teachers:Students Diff', 'Staff:Students Diff', 'Median Age Male 10', 'Median Age 10', 'Locale_43-Rural: Remote', 'Locale_32-Town: Distant', 'Locale_31-Town: Fringe', 'Locale_13-City: Small', 'ESSER-SUPP 22', 'County Population', 'Avg Family Size 10', '% White Pop 10', '% Title 1 School-wide Diff', '% Tested Reading G8 Diff', '% Tested Reading G5 Diff', '% Tested Reading G3 Diff', '% Male Pop 10', '% Hispanic Diff', '% HH Married-noChild 10', '% HH Male-Child 10', '% Female Pop 10', '% County Infected 09/28/20', '% Black Pop 10', '% Asian Pop 10', '% Age 85-Up Pop 10', '% Age 35-44 Pop 10', '% ADA Diff', '# of Households 10', '# of Families 10', 'Locale_42-Rural: Distant', 'Locale_41-Rural: Fringe', 'Locale_33-Town: Remote', 'Locale_23-Suburb: Small', 'Locale_22-Suburb: Mid-size', 'Locale_21-Suburb: Large', 'Locale_12-City: Mid-size', 'Locale_11-City: Large', '% Title 1 Eligible Diff', '% Operational Schools Diff', '% Housing Vacant 10', '% Housing Renter Occup 10', '% Housing Owner Occup 10', '% County Infected 10/30/20', '% Age 15-19 Pop 10', '# of Housing Units 10']"
Gradient Boosting,57,by counts,4,,0.9463350785340314,0.5235602094240838,0.17249605806693855,0.4960119208338193,"['CARES ESSER I 20', 'ARP ESSER III 21', '% Reduced-price Lunch Diff', 'CRRSA ESSER II 21', '% Prek Diff', '% On Campus 09/28/20', '% Black Diff', 'Unemployed Level Diff', 'ESSER-SUPP 23', '% Tested Reading G7 Diff', '% Tested Reading G6 Diff', '% Tested Reading G4 Diff', '% On Campus 10/30/20', '% On Campus 01/29/21', 'Total Students Diff', 'Total Schools Diff', 'Median Age Female 10', 'Labor Force Diff', 'Employed Diff', 'Avg Household Size 10', '% White Diff', '% Kinder Diff', '% Grades 9-12 Diff', '% Grades 1-8 Diff', '% Free Lunch Diff', '% Asian Diff', '% Age 20-24 Pop 10', 'Unemployed Rate Diff', 'Teachers:Students Diff', 'Staff:Students Diff', 'Median Age Male 10', 'Median Age 10', 'Locale_43-Rural: Remote', 'Locale_32-Town: Distant', 'Locale_31-Town: Fringe', 'Locale_13-City: Small', 'ESSER-SUPP 22', 'County Population', 'Avg Family Size 10', '% White Pop 10', '% Title 1 School-wide Diff', '% Tested Reading G8 Diff', '% Tested Reading G5 Diff', '% Tested Reading G3 Diff', '% Male Pop 10', '% Hispanic Diff', '% HH Married-noChild 10', '% HH Male-Child 10', '% Female Pop 10', '% County Infected 09/28/20', '% Black Pop 10', '% Asian Pop 10', '% Age 85-Up Pop 10', '% Age 35-44 Pop 10', '% ADA Diff', '# of Households 10', '# of Families 10']"
Gradient Boosting,27,by counts,5,,0.9332460732984293,0.5706806282722513,0.26218976045218295,0.545799720894009,"['CARES ESSER I 20', 'ARP ESSER III 21', '% Reduced-price Lunch Diff', 'CRRSA ESSER II 21', '% Prek Diff', '% On Campus 09/28/20', '% Black Diff', 'Unemployed Level Diff', 'ESSER-SUPP 23', '% Tested Reading G7 Diff', '% Tested Reading G6 Diff', '% Tested Reading G4 Diff', '% On Campus 10/30/20', '% On Campus 01/29/21', 'Total Students Diff', 'Total Schools Diff', 'Median Age Female 10', 'Labor Force Diff', 'Employed Diff', 'Avg Household Size 10', '% White Diff', '% Kinder Diff', '% Grades 9-12 Diff', '% Grades 1-8 Diff', '% Free Lunch Diff', '% Asian Diff', '% Age 20-24 Pop 10']"
Gradient Boosting,14,by counts,6,,0.8992146596858639,0.5287958115183246,0.18222074521048187,0.5110764908696207,"['CARES ESSER I 20', 'ARP ESSER III 21', '% Reduced-price Lunch Diff', 'CRRSA ESSER II 21', '% Prek Diff', '% On Campus 09/28/20', '% Black Diff', 'Unemployed Level Diff', 'ESSER-SUPP 23', '% Tested Reading G7 Diff', '% Tested Reading G6 Diff', '% Tested Reading G4 Diff', '% On Campus 10/30/20', '% On Campus 01/29/21']"
Gradient Boosting,7,by counts,7,,0.8547120418848168,0.5497382198952879,0.19340583663729594,0.5081805123979554,"['CARES ESSER I 20', 'ARP ESSER III 21', '% Reduced-price Lunch Diff', 'CRRSA ESSER II 21', '% Prek Diff', '% On Campus 09/28/20', '% Black Diff']"
Gradient Boosting,3,by counts,8,,0.7918848167539267,0.5392670157068062,0.15755870205918565,0.49761415981847745,"['CARES ESSER I 20', 'ARP ESSER III 21', '% Reduced-price Lunch Diff']"
Grandient Boosting,20,by methods,n/a,Variance Threshold,0.8691099476439791,0.4816753926701571,0.09650972307088358,0.4626116674719742,"['CARES ESSER I 20', 'ARP ESSER III 21', '% Reduced-price Lunch Diff', 'CRRSA ESSER II 21', '% Prek Diff', '% Black Diff', 'Unemployed Level Diff', 'ESSER-SUPP 23', 'Median Age Female 10', 'Avg Household Size 10', '% Asian Diff', 'Median Age Male 10', 'Median Age 10', 'ESSER-SUPP 22', 'County Population', 'Avg Family Size 10', '# of Households 10', '# of Families 10', 'Locale_42-Rural: Distant', '# of Housing Units 10']"
Grandient Boosting,51,by methods,n/a,Regularization - Lasso,0.930628272251309,0.518324607329843,0.17969591447788663,0.49924736624594823,"['CARES ESSER I 20', '% Reduced-price Lunch Diff', 'CRRSA ESSER II 21', '% Prek Diff', '% On Campus 09/28/20', '% Black Diff', 'Unemployed Level Diff', '% Tested Reading G7 Diff', '% Tested Reading G6 Diff', '% On Campus 10/30/20', '% On Campus 01/29/21', 'Total Students Diff', 'Total Schools Diff', 'Labor Force Diff', 'Employed Diff', '% White Diff', '% Kinder Diff', '% Grades 1-8 Diff', '% Free Lunch Diff', '% Asian Diff', 'Unemployed Rate Diff', 'Teachers:Students Diff', 'Locale_43-Rural: Remote', 'Locale_32-Town: Distant', 'Locale_31-Town: Fringe', 'Locale_13-City: Small', '% White Pop 10', '% Title 1 School-wide Diff', '% Hispanic Diff', '% County Infected 09/28/20', '% Black Pop 10', '% Asian Pop 10', '% Age 85-Up Pop 10', '% Age 35-44 Pop 10', 'Locale_42-Rural: Distant', 'Locale_41-Rural: Fringe', 'Locale_33-Town: Remote', 'Locale_23-Suburb: Small', 'Locale_22-Suburb: Mid-size', 'Locale_21-Suburb: Large', 'Locale_12-City: Mid-size', 'Locale_11-City: Large', '% Title 1 Eligible Diff', '% Operational Schools Diff', '% Housing Renter Occup 10', '% Housing Owner Occup 10', '% County Infected 10/30/20', '% HH Married-Child 10', '% County Deaths 09/28/20', '% Age 25-34 Pop 10', '% Age 10-14 Pop 10']"
Grandient Boosting,45,by methods,n/a,Feature Importance - Random Forest,0.93717277486911,0.5235602094240838,0.16704073645512496,0.4934581193281903,"['CARES ESSER I 20', 'ARP ESSER III 21', '% Reduced-price Lunch Diff', 'CRRSA ESSER II 21', '% Prek Diff', '% On Campus 09/28/20', '% Black Diff', 'Unemployed Level Diff', '% Tested Reading G7 Diff', '% Tested Reading G6 Diff', '% Tested Reading G4 Diff', '% On Campus 10/30/20', '% On Campus 01/29/21', 'Total Students Diff', 'Labor Force Diff', 'Employed Diff', 'Avg Household Size 10', '% White Diff', '% Kinder Diff', '% Grades 9-12 Diff', '% Grades 1-8 Diff', '% Free Lunch Diff', '% Asian Diff', '% Age 20-24 Pop 10', 'Unemployed Rate Diff', 'Teachers:Students Diff', 'Staff:Students Diff', 'Median Age Male 10', 'Median Age 10', 'Avg Family Size 10', '% White Pop 10', '% Tested Reading G8 Diff', '% Tested Reading G5 Diff', '% Tested Reading G3 Diff', '% Male Pop 10', '% Hispanic Diff', '% HH Married-noChild 10', '% HH Male-Child 10', '% Female Pop 10', '% County Infected 09/28/20', '% Age 85-Up Pop 10', '% Age 35-44 Pop 10', '% ADA Diff', '% County Infected 10/30/20', '% Hispanic Pop 10']"
Grandient Boosting,82,by methods,n/a,Permutation Importance - Ridge,0.9345549738219895,0.5602094240837696,0.23501892358313936,0.5355064594038221,"['CARES ESSER I 20', 'ARP ESSER III 21', '% Reduced-price Lunch Diff', '% Prek Diff', '% On Campus 09/28/20', '% Black Diff', 'Unemployed Level Diff', 'ESSER-SUPP 23', '% Tested Reading G7 Diff', '% Tested Reading G6 Diff', '% Tested Reading G4 Diff', '% On Campus 10/30/20', '% On Campus 01/29/21', 'Total Students Diff', 'Total Schools Diff', 'Median Age Female 10', 'Labor Force Diff', 'Employed Diff', 'Avg Household Size 10', '% White Diff', '% Kinder Diff', '% Grades 9-12 Diff', '% Grades 1-8 Diff', '% Free Lunch Diff', '% Asian Diff', '% Age 20-24 Pop 10', 'Unemployed Rate Diff', 'Teachers:Students Diff', 'Staff:Students Diff', 'Median Age Male 10', 'Median Age 10', 'Locale_43-Rural: Remote', 'Locale_32-Town: Distant', 'Locale_31-Town: Fringe', 'Locale_13-City: Small', 'ESSER-SUPP 22', 'County Population', 'Avg Family Size 10', '% White Pop 10', '% Title 1 School-wide Diff', '% Tested Reading G8 Diff', '% Tested Reading G5 Diff', '% Tested Reading G3 Diff', '% Male Pop 10', '% Hispanic Diff', '% HH Married-noChild 10', '% HH Male-Child 10', '% Female Pop 10', '% County Infected 09/28/20', '% Black Pop 10', '% Asian Pop 10', '% Age 85-Up Pop 10', '% Age 35-44 Pop 10', '% ADA Diff', '# of Households 10', '# of Families 10', 'Locale_41-Rural: Fringe', 'Locale_33-Town: Remote', 'Locale_22-Suburb: Mid-size', 'Locale_21-Suburb: Large', 'Locale_11-City: Large', '% Housing Vacant 10', '% Housing Renter Occup 10', '% Housing Owner Occup 10', '% County Infected 10/30/20', '% Age 15-19 Pop 10', '# of Housing Units 10', '% Hispanic Pop 10', '% HH Married-Child 10', '% HH Female-Child 10', '% HH 1 Male 10', '% County Infected 01/29/21', '% County Deaths 09/28/20', '% Age 65-74 Pop 10', '% Age 55-64 Pop 10', '% Age 25-34 Pop 10', '% Age 10-14 Pop 10', '% Age 0-4 Pop 10', '% County Deaths 10/30/20', '% County Deaths 01/29/21', '% Age 75-84 Pop 10', '% Age 45-54 Pop 10']"
Grandient Boosting,5,by methods,n/a,RFE - Ridge,0.8259162303664922,0.5026178010471204,0.12291983359236905,0.4778270530452031,"['CARES ESSER I 20', 'ARP ESSER III 21', 'CRRSA ESSER II 21', 'ESSER-SUPP 23', '% On Campus 10/30/20']"
Grandient Boosting,36,by methods,n/a,RFE - Random Forest,0.9332460732984293,0.5340314136125655,0.18370673789768957,0.5033110581584119,"['CARES ESSER I 20', 'ARP ESSER III 21', '% Reduced-price Lunch Diff', 'CRRSA ESSER II 21', '% Prek Diff', '% On Campus 09/28/20', '% Black Diff', 'Unemployed Level Diff', '% Tested Reading G7 Diff', '% Tested Reading G6 Diff', '% Tested Reading G4 Diff', '% On Campus 10/30/20', '% On Campus 01/29/21', 'Total Students Diff', 'Median Age Female 10', 'Labor Force Diff', 'Employed Diff', 'Avg Household Size 10', '% White Diff', '% Kinder Diff', '% Grades 9-12 Diff', '% Grades 1-8 Diff', '% Free Lunch Diff', '% Asian Diff', 'Teachers:Students Diff', 'Staff:Students Diff', '% Tested Reading G8 Diff', '% Tested Reading G5 Diff', '% Tested Reading G3 Diff', '% Male Pop 10', '% Hispanic Diff', '% HH Married-noChild 10', '% County Infected 09/28/20', '% Age 35-44 Pop 10', '% ADA Diff', '# of Families 10']"
Grandient Boosting,45,by methods,n/a,SFS - KNN,0.9201570680628273,0.5235602094240838,0.16327880473800788,0.5001094713563012,"['CARES ESSER I 20', 'ARP ESSER III 21', '% Reduced-price Lunch Diff', 'CRRSA ESSER II 21', '% Prek Diff', '% On Campus 09/28/20', 'Unemployed Level Diff', 'ESSER-SUPP 23', '% Tested Reading G7 Diff', '% Tested Reading G4 Diff', '% On Campus 10/30/20', '% On Campus 01/29/21', 'Total Students Diff', 'Total Schools Diff', 'Median Age Female 10', 'Employed Diff', 'Avg Household Size 10', '% White Diff', '% Age 20-24 Pop 10', 'Staff:Students Diff', 'Median Age Male 10', 'Median Age 10', 'Locale_43-Rural: Remote', 'Locale_32-Town: Distant', 'Locale_31-Town: Fringe', 'Locale_13-City: Small', 'ESSER-SUPP 22', 'County Population', 'Avg Family Size 10', '% Black Pop 10', '% Asian Pop 10', '% Age 85-Up Pop 10', '# of Households 10', '# of Families 10', 'Locale_42-Rural: Distant', 'Locale_41-Rural: Fringe', 'Locale_33-Town: Remote', 'Locale_23-Suburb: Small', 'Locale_22-Suburb: Mid-size', 'Locale_21-Suburb: Large', 'Locale_12-City: Mid-size', 'Locale_11-City: Large', '% Title 1 Eligible Diff', '% Operational Schools Diff', '# of Housing Units 10']"
Grandient Boosting,45,by methods,n/a,SFS - Ridge,0.9267015706806283,0.518324607329843,0.18091046771495647,0.5040579267230171,"['CARES ESSER I 20', 'ARP ESSER III 21', '% Reduced-price Lunch Diff', 'CRRSA ESSER II 21', '% Prek Diff', '% On Campus 09/28/20', '% Black Diff', 'ESSER-SUPP 23', '% Tested Reading G7 Diff', '% Tested Reading G6 Diff', '% Tested Reading G4 Diff', '% On Campus 01/29/21', 'Total Schools Diff', 'Labor Force Diff', '% Kinder Diff', '% Grades 9-12 Diff', '% Grades 1-8 Diff', '% Free Lunch Diff', '% Age 20-24 Pop 10', 'Locale_43-Rural: Remote', 'Locale_32-Town: Distant', 'Locale_31-Town: Fringe', 'Locale_13-City: Small', 'ESSER-SUPP 22', '% Title 1 School-wide Diff', '% Tested Reading G8 Diff', '% Tested Reading G5 Diff', '% Tested Reading G3 Diff', '% Male Pop 10', '% HH Male-Child 10', '% Female Pop 10', '% ADA Diff', 'Locale_23-Suburb: Small', 'Locale_12-City: Mid-size', '% Title 1 Eligible Diff', '% Operational Schools Diff', '% Housing Vacant 10', '% Housing Renter Occup 10', '% Housing Owner Occup 10', '% Age 15-19 Pop 10', '% HH 1 Male 10', '% County Infected 01/29/21', '% Age 65-74 Pop 10', '% Age 55-64 Pop 10', '% Age 5-9 Pop 10']"
Grandient Boosting,26,by methods,n/a,Permutation Importance - Random Forest,0.8992146596858639,0.5445026178010471,0.18529252990929004,0.5101978574620851,"['ARP ESSER III 21', '% Reduced-price Lunch Diff', '% On Campus 09/28/20', '% Black Diff', 'ESSER-SUPP 23', '% Tested Reading G6 Diff', '% Tested Reading G4 Diff', 'Total Schools Diff', 'Median Age Female 10', '% Grades 9-12 Diff', '% Age 20-24 Pop 10', 'Unemployed Rate Diff', 'County Population', '% White Pop 10', '% Title 1 School-wide Diff', '% HH Married-noChild 10', '% HH Male-Child 10', '% Female Pop 10', '% Black Pop 10', '% Asian Pop 10', '# of Households 10', '% Housing Vacant 10', '% Age 15-19 Pop 10', '% HH Female-Child 10', '% Age 5-9 Pop 10', '% Age 0-4 Pop 10']"
KNN,89,by counts,1,,0.7290575916230366,0.5287958115183246,0.21563110016525772,0.5178060710262052,"['CARES ESSER I 20', 'ARP ESSER III 21', '% Reduced-price Lunch Diff', 'CRRSA ESSER II 21', '% Prek Diff', '% On Campus 09/28/20', '% Black Diff', 'Unemployed Level Diff', 'ESSER-SUPP 23', '% Tested Reading G7 Diff', '% Tested Reading G6 Diff', '% Tested Reading G4 Diff', '% On Campus 10/30/20', '% On Campus 01/29/21', 'Total Students Diff', 'Total Schools Diff', 'Median Age Female 10', 'Labor Force Diff', 'Employed Diff', 'Avg Household Size 10', '% White Diff', '% Kinder Diff', '% Grades 9-12 Diff', '% Grades 1-8 Diff', '% Free Lunch Diff', '% Asian Diff', '% Age 20-24 Pop 10', 'Unemployed Rate Diff', 'Teachers:Students Diff', 'Staff:Students Diff', 'Median Age Male 10', 'Median Age 10', 'Locale_43-Rural: Remote', 'Locale_32-Town: Distant', 'Locale_31-Town: Fringe', 'Locale_13-City: Small', 'ESSER-SUPP 22', 'County Population', 'Avg Family Size 10', '% White Pop 10', '% Title 1 School-wide Diff', '% Tested Reading G8 Diff', '% Tested Reading G5 Diff', '% Tested Reading G3 Diff', '% Male Pop 10', '% Hispanic Diff', '% HH Married-noChild 10', '% HH Male-Child 10', '% Female Pop 10', '% County Infected 09/28/20', '% Black Pop 10', '% Asian Pop 10', '% Age 85-Up Pop 10', '% Age 35-44 Pop 10', '% ADA Diff', '# of Households 10', '# of Families 10', 'Locale_42-Rural: Distant', 'Locale_41-Rural: Fringe', 'Locale_33-Town: Remote', 'Locale_23-Suburb: Small', 'Locale_22-Suburb: Mid-size', 'Locale_21-Suburb: Large', 'Locale_12-City: Mid-size', 'Locale_11-City: Large', '% Title 1 Eligible Diff', '% Operational Schools Diff', '% Housing Vacant 10', '% Housing Renter Occup 10', '% Housing Owner Occup 10', '% County Infected 10/30/20', '% Age 15-19 Pop 10', '# of Housing Units 10', '% Hispanic Pop 10', '% HH Married-Child 10', '% HH Female-Child 10', '% HH 1 Male 10', '% County Infected 01/29/21', '% County Deaths 09/28/20', '% Age 65-74 Pop 10', '% Age 55-64 Pop 10', '% Age 5-9 Pop 10', '% Age 25-34 Pop 10', '% Age 10-14 Pop 10', '% Age 0-4 Pop 10', '% County Deaths 10/30/20', '% County Deaths 01/29/21', '% Age 75-84 Pop 10', '% Age 45-54 Pop 10']"
KNN,85,by counts,2,,0.725130890052356,0.5392670157068062,0.2379970894571199,0.5327774470116193,"['CARES ESSER I 20', 'ARP ESSER III 21', '% Reduced-price Lunch Diff', 'CRRSA ESSER II 21', '% Prek Diff', '% On Campus 09/28/20', '% Black Diff', 'Unemployed Level Diff', 'ESSER-SUPP 23', '% Tested Reading G7 Diff', '% Tested Reading G6 Diff', '% Tested Reading G4 Diff', '% On Campus 10/30/20', '% On Campus 01/29/21', 'Total Students Diff', 'Total Schools Diff', 'Median Age Female 10', 'Labor Force Diff', 'Employed Diff', 'Avg Household Size 10', '% White Diff', '% Kinder Diff', '% Grades 9-12 Diff', '% Grades 1-8 Diff', '% Free Lunch Diff', '% Asian Diff', '% Age 20-24 Pop 10', 'Unemployed Rate Diff', 'Teachers:Students Diff', 'Staff:Students Diff', 'Median Age Male 10', 'Median Age 10', 'Locale_43-Rural: Remote', 'Locale_32-Town: Distant', 'Locale_31-Town: Fringe', 'Locale_13-City: Small', 'ESSER-SUPP 22', 'County Population', 'Avg Family Size 10', '% White Pop 10', '% Title 1 School-wide Diff', '% Tested Reading G8 Diff', '% Tested Reading G5 Diff', '% Tested Reading G3 Diff', '% Male Pop 10', '% Hispanic Diff', '% HH Married-noChild 10', '% HH Male-Child 10', '% Female Pop 10', '% County Infected 09/28/20', '% Black Pop 10', '% Asian Pop 10', '% Age 85-Up Pop 10', '% Age 35-44 Pop 10', '% ADA Diff', '# of Households 10', '# of Families 10', 'Locale_42-Rural: Distant', 'Locale_41-Rural: Fringe', 'Locale_33-Town: Remote', 'Locale_23-Suburb: Small', 'Locale_22-Suburb: Mid-size', 'Locale_21-Suburb: Large', 'Locale_12-City: Mid-size', 'Locale_11-City: Large', '% Title 1 Eligible Diff', '% Operational Schools Diff', '% Housing Vacant 10', '% Housing Renter Occup 10', '% Housing Owner Occup 10', '% County Infected 10/30/20', '% Age 15-19 Pop 10', '# of Housing Units 10', '% Hispanic Pop 10', '% HH Married-Child 10', '% HH Female-Child 10', '% HH 1 Male 10', '% County Infected 01/29/21', '% County Deaths 09/28/20', '% Age 65-74 Pop 10', '% Age 55-64 Pop 10', '% Age 5-9 Pop 10', '% Age 25-34 Pop 10', '% Age 10-14 Pop 10', '% Age 0-4 Pop 10']"
KNN,73,by counts,3,,0.7395287958115183,0.5078534031413613,0.16337214866536698,0.48050811350885203,"['CARES ESSER I 20', 'ARP ESSER III 21', '% Reduced-price Lunch Diff', 'CRRSA ESSER II 21', '% Prek Diff', '% On Campus 09/28/20', '% Black Diff', 'Unemployed Level Diff', 'ESSER-SUPP 23', '% Tested Reading G7 Diff', '% Tested Reading G6 Diff', '% Tested Reading G4 Diff', '% On Campus 10/30/20', '% On Campus 01/29/21', 'Total Students Diff', 'Total Schools Diff', 'Median Age Female 10', 'Labor Force Diff', 'Employed Diff', 'Avg Household Size 10', '% White Diff', '% Kinder Diff', '% Grades 9-12 Diff', '% Grades 1-8 Diff', '% Free Lunch Diff', '% Asian Diff', '% Age 20-24 Pop 10', 'Unemployed Rate Diff', 'Teachers:Students Diff', 'Staff:Students Diff', 'Median Age Male 10', 'Median Age 10', 'Locale_43-Rural: Remote', 'Locale_32-Town: Distant', 'Locale_31-Town: Fringe', 'Locale_13-City: Small', 'ESSER-SUPP 22', 'County Population', 'Avg Family Size 10', '% White Pop 10', '% Title 1 School-wide Diff', '% Tested Reading G8 Diff', '% Tested Reading G5 Diff', '% Tested Reading G3 Diff', '% Male Pop 10', '% Hispanic Diff', '% HH Married-noChild 10', '% HH Male-Child 10', '% Female Pop 10', '% County Infected 09/28/20', '% Black Pop 10', '% Asian Pop 10', '% Age 85-Up Pop 10', '% Age 35-44 Pop 10', '% ADA Diff', '# of Households 10', '# of Families 10', 'Locale_42-Rural: Distant', 'Locale_41-Rural: Fringe', 'Locale_33-Town: Remote', 'Locale_23-Suburb: Small', 'Locale_22-Suburb: Mid-size', 'Locale_21-Suburb: Large', 'Locale_12-City: Mid-size', 'Locale_11-City: Large', '% Title 1 Eligible Diff', '% Operational Schools Diff', '% Housing Vacant 10', '% Housing Renter Occup 10', '% Housing Owner Occup 10', '% County Infected 10/30/20', '% Age 15-19 Pop 10', '# of Housing Units 10']"
KNN,57,by counts,4,,0.7198952879581152,0.5392670157068062,0.22215123698425243,0.519728807301798,"['CARES ESSER I 20', 'ARP ESSER III 21', '% Reduced-price Lunch Diff', 'CRRSA ESSER II 21', '% Prek Diff', '% On Campus 09/28/20', '% Black Diff', 'Unemployed Level Diff', 'ESSER-SUPP 23', '% Tested Reading G7 Diff', '% Tested Reading G6 Diff', '% Tested Reading G4 Diff', '% On Campus 10/30/20', '% On Campus 01/29/21', 'Total Students Diff', 'Total Schools Diff', 'Median Age Female 10', 'Labor Force Diff', 'Employed Diff', 'Avg Household Size 10', '% White Diff', '% Kinder Diff', '% Grades 9-12 Diff', '% Grades 1-8 Diff', '% Free Lunch Diff', '% Asian Diff', '% Age 20-24 Pop 10', 'Unemployed Rate Diff', 'Teachers:Students Diff', 'Staff:Students Diff', 'Median Age Male 10', 'Median Age 10', 'Locale_43-Rural: Remote', 'Locale_32-Town: Distant', 'Locale_31-Town: Fringe', 'Locale_13-City: Small', 'ESSER-SUPP 22', 'County Population', 'Avg Family Size 10', '% White Pop 10', '% Title 1 School-wide Diff', '% Tested Reading G8 Diff', '% Tested Reading G5 Diff', '% Tested Reading G3 Diff', '% Male Pop 10', '% Hispanic Diff', '% HH Married-noChild 10', '% HH Male-Child 10', '% Female Pop 10', '% County Infected 09/28/20', '% Black Pop 10', '% Asian Pop 10', '% Age 85-Up Pop 10', '% Age 35-44 Pop 10', '% ADA Diff', '# of Households 10', '# of Families 10']"
KNN,27,by counts,5,,0.7146596858638743,0.518324607329843,0.19028711140510066,0.5012165363282858,"['CARES ESSER I 20', 'ARP ESSER III 21', '% Reduced-price Lunch Diff', 'CRRSA ESSER II 21', '% Prek Diff', '% On Campus 09/28/20', '% Black Diff', 'Unemployed Level Diff', 'ESSER-SUPP 23', '% Tested Reading G7 Diff', '% Tested Reading G6 Diff', '% Tested Reading G4 Diff', '% On Campus 10/30/20', '% On Campus 01/29/21', 'Total Students Diff', 'Total Schools Diff', 'Median Age Female 10', 'Labor Force Diff', 'Employed Diff', 'Avg Household Size 10', '% White Diff', '% Kinder Diff', '% Grades 9-12 Diff', '% Grades 1-8 Diff', '% Free Lunch Diff', '% Asian Diff', '% Age 20-24 Pop 10']"
KNN,14,by counts,6,,0.680628272251309,0.4816753926701571,0.15670159053706237,0.47632686582486394,"['CARES ESSER I 20', 'ARP ESSER III 21', '% Reduced-price Lunch Diff', 'CRRSA ESSER II 21', '% Prek Diff', '% On Campus 09/28/20', '% Black Diff', 'Unemployed Level Diff', 'ESSER-SUPP 23', '% Tested Reading G7 Diff', '% Tested Reading G6 Diff', '% Tested Reading G4 Diff', '% On Campus 10/30/20', '% On Campus 01/29/21']"
KNN,7,by counts,7,,0.668848167539267,0.4712041884816754,0.11789156252141729,0.45983703788226227,"['CARES ESSER I 20', 'ARP ESSER III 21', '% Reduced-price Lunch Diff', 'CRRSA ESSER II 21', '% Prek Diff', '% On Campus 09/28/20', '% Black Diff']"
KNN,3,by counts,8,,0.6793193717277487,0.4031413612565445,-0.005972611826258168,0.3935787340256037,"['CARES ESSER I 20', 'ARP ESSER III 21', '% Reduced-price Lunch Diff']"
KNN,20,by methods,n/a,Variance Threshold,0.7041884816753927,0.4293193717277487,0.08681187059171451,0.41973283876579226,"['CARES ESSER I 20', 'ARP ESSER III 21', '% Reduced-price Lunch Diff', 'CRRSA ESSER II 21', '% Prek Diff', '% Black Diff', 'Unemployed Level Diff', 'ESSER-SUPP 23', 'Median Age Female 10', 'Avg Household Size 10', '% Asian Diff', 'Median Age Male 10', 'Median Age 10', 'ESSER-SUPP 22', 'County Population', 'Avg Family Size 10', '# of Households 10', '# of Families 10', 'Locale_42-Rural: Distant', '# of Housing Units 10']"
KNN,51,by methods,n/a,Regularization - Lasso,0.7303664921465969,0.4973821989528796,0.1533570541228854,0.48093583766138454,"['CARES ESSER I 20', '% Reduced-price Lunch Diff', 'CRRSA ESSER II 21', '% Prek Diff', '% On Campus 09/28/20', '% Black Diff', 'Unemployed Level Diff', '% Tested Reading G7 Diff', '% Tested Reading G6 Diff', '% On Campus 10/30/20', '% On Campus 01/29/21', 'Total Students Diff', 'Total Schools Diff', 'Labor Force Diff', 'Employed Diff', '% White Diff', '% Kinder Diff', '% Grades 1-8 Diff', '% Free Lunch Diff', '% Asian Diff', 'Unemployed Rate Diff', 'Teachers:Students Diff', 'Locale_43-Rural: Remote', 'Locale_32-Town: Distant', 'Locale_31-Town: Fringe', 'Locale_13-City: Small', '% White Pop 10', '% Title 1 School-wide Diff', '% Hispanic Diff', '% County Infected 09/28/20', '% Black Pop 10', '% Asian Pop 10', '% Age 85-Up Pop 10', '% Age 35-44 Pop 10', 'Locale_42-Rural: Distant', 'Locale_41-Rural: Fringe', 'Locale_33-Town: Remote', 'Locale_23-Suburb: Small', 'Locale_22-Suburb: Mid-size', 'Locale_21-Suburb: Large', 'Locale_12-City: Mid-size', 'Locale_11-City: Large', '% Title 1 Eligible Diff', '% Operational Schools Diff', '% Housing Renter Occup 10', '% Housing Owner Occup 10', '% County Infected 10/30/20', '% HH Married-Child 10', '% County Deaths 09/28/20', '% Age 25-34 Pop 10', '% Age 10-14 Pop 10']"
KNN,45,by methods,n/a,Feature Importance - Random Forest,0.7356020942408377,0.4973821989528796,0.15989283664156814,0.4799799122156751,"['CARES ESSER I 20', 'ARP ESSER III 21', '% Reduced-price Lunch Diff', 'CRRSA ESSER II 21', '% Prek Diff', '% On Campus 09/28/20', '% Black Diff', 'Unemployed Level Diff', '% Tested Reading G7 Diff', '% Tested Reading G6 Diff', '% Tested Reading G4 Diff', '% On Campus 10/30/20', '% On Campus 01/29/21', 'Total Students Diff', 'Labor Force Diff', 'Employed Diff', 'Avg Household Size 10', '% White Diff', '% Kinder Diff', '% Grades 9-12 Diff', '% Grades 1-8 Diff', '% Free Lunch Diff', '% Asian Diff', '% Age 20-24 Pop 10', 'Unemployed Rate Diff', 'Teachers:Students Diff', 'Staff:Students Diff', 'Median Age Male 10', 'Median Age 10', 'Avg Family Size 10', '% White Pop 10', '% Tested Reading G8 Diff', '% Tested Reading G5 Diff', '% Tested Reading G3 Diff', '% Male Pop 10', '% Hispanic Diff', '% HH Married-noChild 10', '% HH Male-Child 10', '% Female Pop 10', '% County Infected 09/28/20', '% Age 85-Up Pop 10', '% Age 35-44 Pop 10', '% ADA Diff', '% County Infected 10/30/20', '% Hispanic Pop 10']"
KNN,82,by methods,n/a,Permutation Importance - Ridge,0.7146596858638743,0.5235602094240838,0.21475088515941704,0.5132049701712416,"['CARES ESSER I 20', 'ARP ESSER III 21', '% Reduced-price Lunch Diff', '% Prek Diff', '% On Campus 09/28/20', '% Black Diff', 'Unemployed Level Diff', 'ESSER-SUPP 23', '% Tested Reading G7 Diff', '% Tested Reading G6 Diff', '% Tested Reading G4 Diff', '% On Campus 10/30/20', '% On Campus 01/29/21', 'Total Students Diff', 'Total Schools Diff', 'Median Age Female 10', 'Labor Force Diff', 'Employed Diff', 'Avg Household Size 10', '% White Diff', '% Kinder Diff', '% Grades 9-12 Diff', '% Grades 1-8 Diff', '% Free Lunch Diff', '% Asian Diff', '% Age 20-24 Pop 10', 'Unemployed Rate Diff', 'Teachers:Students Diff', 'Staff:Students Diff', 'Median Age Male 10', 'Median Age 10', 'Locale_43-Rural: Remote', 'Locale_32-Town: Distant', 'Locale_31-Town: Fringe', 'Locale_13-City: Small', 'ESSER-SUPP 22', 'County Population', 'Avg Family Size 10', '% White Pop 10', '% Title 1 School-wide Diff', '% Tested Reading G8 Diff', '% Tested Reading G5 Diff', '% Tested Reading G3 Diff', '% Male Pop 10', '% Hispanic Diff', '% HH Married-noChild 10', '% HH Male-Child 10', '% Female Pop 10', '% County Infected 09/28/20', '% Black Pop 10', '% Asian Pop 10', '% Age 85-Up Pop 10', '% Age 35-44 Pop 10', '% ADA Diff', '# of Households 10', '# of Families 10', 'Locale_41-Rural: Fringe', 'Locale_33-Town: Remote', 'Locale_22-Suburb: Mid-size', 'Locale_21-Suburb: Large', 'Locale_11-City: Large', '% Housing Vacant 10', '% Housing Renter Occup 10', '% Housing Owner Occup 10', '% County Infected 10/30/20', '% Age 15-19 Pop 10', '# of Housing Units 10', '% Hispanic Pop 10', '% HH Married-Child 10', '% HH Female-Child 10', '% HH 1 Male 10', '% County Infected 01/29/21', '% County Deaths 09/28/20', '% Age 65-74 Pop 10', '% Age 55-64 Pop 10', '% Age 25-34 Pop 10', '% Age 10-14 Pop 10', '% Age 0-4 Pop 10', '% County Deaths 10/30/20', '% County Deaths 01/29/21', '% Age 75-84 Pop 10', '% Age 45-54 Pop 10']"
KNN,5,by methods,n/a,RFE - Ridge,0.7159685863874345,0.4816753926701571,0.15976205561537704,0.47866022092126437,"['CARES ESSER I 20', 'ARP ESSER III 21', 'CRRSA ESSER II 21', 'ESSER-SUPP 23', '% On Campus 10/30/20']"
KNN,36,by methods,n/a,RFE - Random Forest,0.7303664921465969,0.5130890052356021,0.17895592688721432,0.501718237372616,"['CARES ESSER I 20', 'ARP ESSER III 21', '% Reduced-price Lunch Diff', 'CRRSA ESSER II 21', '% Prek Diff', '% On Campus 09/28/20', '% Black Diff', 'Unemployed Level Diff', '% Tested Reading G7 Diff', '% Tested Reading G6 Diff', '% Tested Reading G4 Diff', '% On Campus 10/30/20', '% On Campus 01/29/21', 'Total Students Diff', 'Median Age Female 10', 'Labor Force Diff', 'Employed Diff', 'Avg Household Size 10', '% White Diff', '% Kinder Diff', '% Grades 9-12 Diff', '% Grades 1-8 Diff', '% Free Lunch Diff', '% Asian Diff', 'Teachers:Students Diff', 'Staff:Students Diff', '% Tested Reading G8 Diff', '% Tested Reading G5 Diff', '% Tested Reading G3 Diff', '% Male Pop 10', '% Hispanic Diff', '% HH Married-noChild 10', '% County Infected 09/28/20', '% Age 35-44 Pop 10', '% ADA Diff', '# of Families 10']"
KNN,45,by methods,n/a,SFS - KNN,0.7264397905759162,0.5392670157068062,0.21438699840523792,0.5199069837263685,"['CARES ESSER I 20', 'ARP ESSER III 21', '% Reduced-price Lunch Diff', 'CRRSA ESSER II 21', '% Prek Diff', '% On Campus 09/28/20', 'Unemployed Level Diff', 'ESSER-SUPP 23', '% Tested Reading G7 Diff', '% Tested Reading G4 Diff', '% On Campus 10/30/20', '% On Campus 01/29/21', 'Total Students Diff', 'Total Schools Diff', 'Median Age Female 10', 'Employed Diff', 'Avg Household Size 10', '% White Diff', '% Age 20-24 Pop 10', 'Staff:Students Diff', 'Median Age Male 10', 'Median Age 10', 'Locale_43-Rural: Remote', 'Locale_32-Town: Distant', 'Locale_31-Town: Fringe', 'Locale_13-City: Small', 'ESSER-SUPP 22', 'County Population', 'Avg Family Size 10', '% Black Pop 10', '% Asian Pop 10', '% Age 85-Up Pop 10', '# of Households 10', '# of Families 10', 'Locale_42-Rural: Distant', 'Locale_41-Rural: Fringe', 'Locale_33-Town: Remote', 'Locale_23-Suburb: Small', 'Locale_22-Suburb: Mid-size', 'Locale_21-Suburb: Large', 'Locale_12-City: Mid-size', 'Locale_11-City: Large', '% Title 1 Eligible Diff', '% Operational Schools Diff', '# of Housing Units 10']"
KNN,45,by methods,n/a,SFS - Ridge,0.7120418848167539,0.5078534031413613,0.16147694786302233,0.490156434878355,"['CARES ESSER I 20', 'ARP ESSER III 21', '% Reduced-price Lunch Diff', 'CRRSA ESSER II 21', '% Prek Diff', '% On Campus 09/28/20', '% Black Diff', 'ESSER-SUPP 23', '% Tested Reading G7 Diff', '% Tested Reading G6 Diff', '% Tested Reading G4 Diff', '% On Campus 01/29/21', 'Total Schools Diff', 'Labor Force Diff', '% Kinder Diff', '% Grades 9-12 Diff', '% Grades 1-8 Diff', '% Free Lunch Diff', '% Age 20-24 Pop 10', 'Locale_43-Rural: Remote', 'Locale_32-Town: Distant', 'Locale_31-Town: Fringe', 'Locale_13-City: Small', 'ESSER-SUPP 22', '% Title 1 School-wide Diff', '% Tested Reading G8 Diff', '% Tested Reading G5 Diff', '% Tested Reading G3 Diff', '% Male Pop 10', '% HH Male-Child 10', '% Female Pop 10', '% ADA Diff', 'Locale_23-Suburb: Small', 'Locale_12-City: Mid-size', '% Title 1 Eligible Diff', '% Operational Schools Diff', '% Housing Vacant 10', '% Housing Renter Occup 10', '% Housing Owner Occup 10', '% Age 15-19 Pop 10', '% HH 1 Male 10', '% County Infected 01/29/21', '% Age 65-74 Pop 10', '% Age 55-64 Pop 10', '% Age 5-9 Pop 10']"
KNN,26,by methods,n/a,Permutation Importance - Random Forest,0.7290575916230366,0.4816753926701571,0.1305180439373204,0.46574828027954573,"['ARP ESSER III 21', '% Reduced-price Lunch Diff', '% On Campus 09/28/20', '% Black Diff', 'ESSER-SUPP 23', '% Tested Reading G6 Diff', '% Tested Reading G4 Diff', 'Total Schools Diff', 'Median Age Female 10', '% Grades 9-12 Diff', '% Age 20-24 Pop 10', 'Unemployed Rate Diff', 'County Population', '% White Pop 10', '% Title 1 School-wide Diff', '% HH Married-noChild 10', '% HH Male-Child 10', '% Female Pop 10', '% Black Pop 10', '% Asian Pop 10', '# of Households 10', '% Housing Vacant 10', '% Age 15-19 Pop 10', '% HH Female-Child 10', '% Age 5-9 Pop 10', '% Age 0-4 Pop 10']"
