feature,method,model,score,score_type,selected,Method
Labor Force Diff,Variance Threshold,N/A,0.0,N/A,0,Variance Threshold
Employed Diff,Variance Threshold,N/A,0.0,N/A,0,Variance Threshold
Unemployed Level Diff,Variance Threshold,N/A,1.0,N/A,1,Variance Threshold
Unemployed Rate Diff,Variance Threshold,N/A,0.0,N/A,0,Variance Threshold
Median Age 10,Variance Threshold,N/A,1.0,N/A,1,Variance Threshold
Median Age Male 10,Variance Threshold,N/A,1.0,N/A,1,Variance Threshold
Median Age Female 10,Variance Threshold,N/A,1.0,N/A,1,Variance Threshold
# of Households 10,Variance Threshold,N/A,1.0,N/A,1,Variance Threshold
Avg Household Size 10,Variance Threshold,N/A,1.0,N/A,1,Variance Threshold
# of Families 10,Variance Threshold,N/A,1.0,N/A,1,Variance Threshold
Avg Family Size 10,Variance Threshold,N/A,1.0,N/A,1,Variance Threshold
# of Housing Units 10,Variance Threshold,N/A,1.0,N/A,1,Variance Threshold
County Population,Variance Threshold,N/A,1.0,N/A,1,Variance Threshold
CARES ESSER I 20,Variance Threshold,N/A,1.0,N/A,1,Variance Threshold
CRRSA ESSER II 21,Variance Threshold,N/A,1.0,N/A,1,Variance Threshold
ARP ESSER III 21,Variance Threshold,N/A,1.0,N/A,1,Variance Threshold
ESSER-SUPP 22,Variance Threshold,N/A,1.0,N/A,1,Variance Threshold
ESSER-SUPP 23,Variance Threshold,N/A,1.0,N/A,1,Variance Threshold
% County Infected 09/28/20,Variance Threshold,N/A,0.0,N/A,0,Variance Threshold
% County Deaths 09/28/20,Variance Threshold,N/A,0.0,N/A,0,Variance Threshold
% County Infected 10/30/20,Variance Threshold,N/A,0.0,N/A,0,Variance Threshold
% County Deaths 10/30/20,Variance Threshold,N/A,0.0,N/A,0,Variance Threshold
% County Infected 01/29/21,Variance Threshold,N/A,0.0,N/A,0,Variance Threshold
% County Deaths 01/29/21,Variance Threshold,N/A,0.0,N/A,0,Variance Threshold
% On Campus 09/28/20,Variance Threshold,N/A,0.0,N/A,0,Variance Threshold
% On Campus 10/30/20,Variance Threshold,N/A,0.0,N/A,0,Variance Threshold
% On Campus 01/29/21,Variance Threshold,N/A,0.0,N/A,0,Variance Threshold
% White Pop 10,Variance Threshold,N/A,0.0,N/A,0,Variance Threshold
% Black Pop 10,Variance Threshold,N/A,0.0,N/A,0,Variance Threshold
% Asian Pop 10,Variance Threshold,N/A,0.0,N/A,0,Variance Threshold
% Hispanic Pop 10,Variance Threshold,N/A,0.0,N/A,0,Variance Threshold
% Male Pop 10,Variance Threshold,N/A,0.0,N/A,0,Variance Threshold
% Female Pop 10,Variance Threshold,N/A,0.0,N/A,0,Variance Threshold
% Age 0-4 Pop 10,Variance Threshold,N/A,0.0,N/A,0,Variance Threshold
% Age 5-9 Pop 10,Variance Threshold,N/A,0.0,N/A,0,Variance Threshold
% Age 10-14 Pop 10,Variance Threshold,N/A,0.0,N/A,0,Variance Threshold
% Age 15-19 Pop 10,Variance Threshold,N/A,0.0,N/A,0,Variance Threshold
% Age 20-24 Pop 10,Variance Threshold,N/A,0.0,N/A,0,Variance Threshold
% Age 25-34 Pop 10,Variance Threshold,N/A,0.0,N/A,0,Variance Threshold
% Age 35-44 Pop 10,Variance Threshold,N/A,0.0,N/A,0,Variance Threshold
% Age 45-54 Pop 10,Variance Threshold,N/A,0.0,N/A,0,Variance Threshold
% Age 55-64 Pop 10,Variance Threshold,N/A,0.0,N/A,0,Variance Threshold
% Age 65-74 Pop 10,Variance Threshold,N/A,0.0,N/A,0,Variance Threshold
% Age 75-84 Pop 10,Variance Threshold,N/A,0.0,N/A,0,Variance Threshold
% Age 85-Up Pop 10,Variance Threshold,N/A,0.0,N/A,0,Variance Threshold
% HH 1 Male 10,Variance Threshold,N/A,0.0,N/A,0,Variance Threshold
% HH 1 Female 10,Variance Threshold,N/A,0.0,N/A,0,Variance Threshold
% HH Married-Child 10,Variance Threshold,N/A,0.0,N/A,0,Variance Threshold
% HH Married-noChild 10,Variance Threshold,N/A,0.0,N/A,0,Variance Threshold
% HH Male-Child 10,Variance Threshold,N/A,0.0,N/A,0,Variance Threshold
% HH Female-Child 10,Variance Threshold,N/A,0.0,N/A,0,Variance Threshold
% Housing Vacant 10,Variance Threshold,N/A,0.0,N/A,0,Variance Threshold
% Housing Owner Occup 10,Variance Threshold,N/A,0.0,N/A,0,Variance Threshold
% Housing Renter Occup 10,Variance Threshold,N/A,0.0,N/A,0,Variance Threshold
Total Schools Diff,Variance Threshold,N/A,0.0,N/A,0,Variance Threshold
Total Students Diff,Variance Threshold,N/A,0.0,N/A,0,Variance Threshold
% Operational Schools Diff,Variance Threshold,N/A,0.0,N/A,0,Variance Threshold
% Title 1 School-wide Diff,Variance Threshold,N/A,0.0,N/A,0,Variance Threshold
% Title 1 Eligible Diff,Variance Threshold,N/A,0.0,N/A,0,Variance Threshold
Teachers:Students Diff,Variance Threshold,N/A,0.0,N/A,0,Variance Threshold
Staff:Students Diff,Variance Threshold,N/A,0.0,N/A,0,Variance Threshold
% Free Lunch Diff,Variance Threshold,N/A,0.0,N/A,0,Variance Threshold
% Reduced-price Lunch Diff,Variance Threshold,N/A,1.0,N/A,1,Variance Threshold
% Asian Diff,Variance Threshold,N/A,1.0,N/A,1,Variance Threshold
% Hispanic Diff,Variance Threshold,N/A,0.0,N/A,0,Variance Threshold
% Black Diff,Variance Threshold,N/A,1.0,N/A,1,Variance Threshold
% White Diff,Variance Threshold,N/A,0.0,N/A,0,Variance Threshold
% Grades 1-8 Diff,Variance Threshold,N/A,0.0,N/A,0,Variance Threshold
% Grades 9-12 Diff,Variance Threshold,N/A,0.0,N/A,0,Variance Threshold
% Prek Diff,Variance Threshold,N/A,1.0,N/A,1,Variance Threshold
% Kinder Diff,Variance Threshold,N/A,0.0,N/A,0,Variance Threshold
% ADA Diff,Variance Threshold,N/A,0.0,N/A,0,Variance Threshold
% Tested Reading G3 Diff,Variance Threshold,N/A,0.0,N/A,0,Variance Threshold
% Tested Reading G4 Diff,Variance Threshold,N/A,0.0,N/A,0,Variance Threshold
% Tested Reading G5 Diff,Variance Threshold,N/A,0.0,N/A,0,Variance Threshold
% Tested Reading G6 Diff,Variance Threshold,N/A,0.0,N/A,0,Variance Threshold
% Tested Reading G7 Diff,Variance Threshold,N/A,0.0,N/A,0,Variance Threshold
% Tested Reading G8 Diff,Variance Threshold,N/A,0.0,N/A,0,Variance Threshold
Locale_11-City: Large,Variance Threshold,N/A,0.0,N/A,0,Variance Threshold
Locale_12-City: Mid-size,Variance Threshold,N/A,0.0,N/A,0,Variance Threshold
Locale_13-City: Small,Variance Threshold,N/A,0.0,N/A,0,Variance Threshold
Locale_21-Suburb: Large,Variance Threshold,N/A,0.0,N/A,0,Variance Threshold
Locale_22-Suburb: Mid-size,Variance Threshold,N/A,0.0,N/A,0,Variance Threshold
Locale_23-Suburb: Small,Variance Threshold,N/A,0.0,N/A,0,Variance Threshold
Locale_31-Town: Fringe,Variance Threshold,N/A,0.0,N/A,0,Variance Threshold
Locale_32-Town: Distant,Variance Threshold,N/A,0.0,N/A,0,Variance Threshold
Locale_33-Town: Remote,Variance Threshold,N/A,0.0,N/A,0,Variance Threshold
Locale_41-Rural: Fringe,Variance Threshold,N/A,0.0,N/A,0,Variance Threshold
Locale_42-Rural: Distant,Variance Threshold,N/A,1.0,N/A,1,Variance Threshold
Locale_43-Rural: Remote,Variance Threshold,N/A,0.0,N/A,0,Variance Threshold
# of Families 10,Regularization,Lasso,0.0,N/A,0,Regularization - Lasso
# of Households 10,Regularization,Lasso,0.0,N/A,0,Regularization - Lasso
# of Housing Units 10,Regularization,Lasso,0.0,N/A,0,Regularization - Lasso
% ADA Diff,Regularization,Lasso,0.0,N/A,0,Regularization - Lasso
% Age 0-4 Pop 10,Regularization,Lasso,0.0,N/A,0,Regularization - Lasso
% Age 10-14 Pop 10,Regularization,Lasso,0.03749367402709682,N/A,1,Regularization - Lasso
% Age 15-19 Pop 10,Regularization,Lasso,0.0,N/A,0,Regularization - Lasso
% Age 20-24 Pop 10,Regularization,Lasso,0.0,N/A,0,Regularization - Lasso
% Age 25-34 Pop 10,Regularization,Lasso,-0.017192326728645287,N/A,1,Regularization - Lasso
% Age 35-44 Pop 10,Regularization,Lasso,0.14090790779357956,N/A,1,Regularization - Lasso
% Age 45-54 Pop 10,Regularization,Lasso,0.0,N/A,0,Regularization - Lasso
% Age 5-9 Pop 10,Regularization,Lasso,0.0,N/A,0,Regularization - Lasso
% Age 55-64 Pop 10,Regularization,Lasso,0.0,N/A,0,Regularization - Lasso
% Age 65-74 Pop 10,Regularization,Lasso,0.0,N/A,0,Regularization - Lasso
% Age 75-84 Pop 10,Regularization,Lasso,0.0,N/A,0,Regularization - Lasso
% Age 85-Up Pop 10,Regularization,Lasso,-0.015369121273089145,N/A,1,Regularization - Lasso
% Asian Diff,Regularization,Lasso,-0.11195345470721035,N/A,1,Regularization - Lasso
% Asian Pop 10,Regularization,Lasso,-0.03100343987913343,N/A,1,Regularization - Lasso
% Black Diff,Regularization,Lasso,-0.03324626017510777,N/A,1,Regularization - Lasso
% Black Pop 10,Regularization,Lasso,0.010233170729126991,N/A,1,Regularization - Lasso
% County Deaths 01/29/21,Regularization,Lasso,0.0,N/A,0,Regularization - Lasso
% County Deaths 09/28/20,Regularization,Lasso,0.031186450092277773,N/A,1,Regularization - Lasso
% County Deaths 10/30/20,Regularization,Lasso,0.0,N/A,0,Regularization - Lasso
% County Infected 01/29/21,Regularization,Lasso,0.0,N/A,0,Regularization - Lasso
% County Infected 09/28/20,Regularization,Lasso,-0.06503759013460957,N/A,1,Regularization - Lasso
% County Infected 10/30/20,Regularization,Lasso,0.04243029432429383,N/A,1,Regularization - Lasso
% Female Pop 10,Regularization,Lasso,0.0,N/A,0,Regularization - Lasso
% Free Lunch Diff,Regularization,Lasso,-0.021375052207148682,N/A,1,Regularization - Lasso
% Grades 1-8 Diff,Regularization,Lasso,-0.0020378037449056627,N/A,1,Regularization - Lasso
% Grades 9-12 Diff,Regularization,Lasso,0.0,N/A,0,Regularization - Lasso
% HH 1 Female 10,Regularization,Lasso,0.0,N/A,0,Regularization - Lasso
% HH 1 Male 10,Regularization,Lasso,0.0,N/A,0,Regularization - Lasso
% HH Female-Child 10,Regularization,Lasso,0.0,N/A,0,Regularization - Lasso
% HH Male-Child 10,Regularization,Lasso,0.0,N/A,0,Regularization - Lasso
% HH Married-Child 10,Regularization,Lasso,-0.09598027975981303,N/A,1,Regularization - Lasso
% HH Married-noChild 10,Regularization,Lasso,0.0,N/A,0,Regularization - Lasso
% Hispanic Diff,Regularization,Lasso,0.04880027400827476,N/A,1,Regularization - Lasso
% Hispanic Pop 10,Regularization,Lasso,0.0,N/A,0,Regularization - Lasso
% Housing Owner Occup 10,Regularization,Lasso,-0.04712148703642877,N/A,1,Regularization - Lasso
% Housing Renter Occup 10,Regularization,Lasso,-0.03738642223594607,N/A,1,Regularization - Lasso
% Housing Vacant 10,Regularization,Lasso,0.0,N/A,0,Regularization - Lasso
% Kinder Diff,Regularization,Lasso,-0.047783761507120125,N/A,1,Regularization - Lasso
% Male Pop 10,Regularization,Lasso,0.0,N/A,0,Regularization - Lasso
% On Campus 01/29/21,Regularization,Lasso,-0.06879002462494804,N/A,1,Regularization - Lasso
% On Campus 09/28/20,Regularization,Lasso,0.14870510328869607,N/A,1,Regularization - Lasso
% On Campus 10/30/20,Regularization,Lasso,-0.00920612956378275,N/A,1,Regularization - Lasso
% Operational Schools Diff,Regularization,Lasso,0.03644614693545532,N/A,1,Regularization - Lasso
% Prek Diff,Regularization,Lasso,-0.00022131114173012164,N/A,1,Regularization - Lasso
% Reduced-price Lunch Diff,Regularization,Lasso,0.01879119150458826,N/A,1,Regularization - Lasso
% Tested Reading G3 Diff,Regularization,Lasso,0.0,N/A,0,Regularization - Lasso
% Tested Reading G4 Diff,Regularization,Lasso,0.0,N/A,0,Regularization - Lasso
% Tested Reading G5 Diff,Regularization,Lasso,0.0,N/A,0,Regularization - Lasso
% Tested Reading G6 Diff,Regularization,Lasso,-0.07142346541441708,N/A,1,Regularization - Lasso
% Tested Reading G7 Diff,Regularization,Lasso,0.08558482043704062,N/A,1,Regularization - Lasso
% Tested Reading G8 Diff,Regularization,Lasso,0.0,N/A,0,Regularization - Lasso
% Title 1 Eligible Diff,Regularization,Lasso,0.032053690469455096,N/A,1,Regularization - Lasso
% Title 1 School-wide Diff,Regularization,Lasso,-0.019614877200436896,N/A,1,Regularization - Lasso
% White Diff,Regularization,Lasso,-0.0005158616355660957,N/A,1,Regularization - Lasso
% White Pop 10,Regularization,Lasso,0.012631337789437532,N/A,1,Regularization - Lasso
ARP ESSER III 21,Regularization,Lasso,0.0,N/A,0,Regularization - Lasso
Avg Family Size 10,Regularization,Lasso,0.0,N/A,0,Regularization - Lasso
Avg Household Size 10,Regularization,Lasso,0.0,N/A,0,Regularization - Lasso
CARES ESSER I 20,Regularization,Lasso,0.08511071285858078,N/A,1,Regularization - Lasso
CRRSA ESSER II 21,Regularization,Lasso,-0.08154093899753766,N/A,1,Regularization - Lasso
County Population,Regularization,Lasso,0.0,N/A,0,Regularization - Lasso
ESSER-SUPP 22,Regularization,Lasso,0.0,N/A,0,Regularization - Lasso
ESSER-SUPP 23,Regularization,Lasso,0.0,N/A,0,Regularization - Lasso
Employed Diff,Regularization,Lasso,0.018228819963653803,N/A,1,Regularization - Lasso
Labor Force Diff,Regularization,Lasso,-0.14795031842891437,N/A,1,Regularization - Lasso
Locale_11-City: Large,Regularization,Lasso,0.05137765254192215,N/A,1,Regularization - Lasso
Locale_12-City: Mid-size,Regularization,Lasso,0.050394937830256885,N/A,1,Regularization - Lasso
Locale_13-City: Small,Regularization,Lasso,-0.04150232518571352,N/A,1,Regularization - Lasso
Locale_21-Suburb: Large,Regularization,Lasso,-0.06476526396300301,N/A,1,Regularization - Lasso
Locale_22-Suburb: Mid-size,Regularization,Lasso,0.03186028783044639,N/A,1,Regularization - Lasso
Locale_23-Suburb: Small,Regularization,Lasso,0.05566634777752524,N/A,1,Regularization - Lasso
Locale_31-Town: Fringe,Regularization,Lasso,-0.009188456492696423,N/A,1,Regularization - Lasso
Locale_32-Town: Distant,Regularization,Lasso,-0.02222044878280586,N/A,1,Regularization - Lasso
Locale_33-Town: Remote,Regularization,Lasso,-0.08212543435916243,N/A,1,Regularization - Lasso
Locale_41-Rural: Fringe,Regularization,Lasso,0.023638032164642782,N/A,1,Regularization - Lasso
Locale_42-Rural: Distant,Regularization,Lasso,-0.04995829053129386,N/A,1,Regularization - Lasso
Locale_43-Rural: Remote,Regularization,Lasso,-0.07800647671184631,N/A,1,Regularization - Lasso
Median Age 10,Regularization,Lasso,0.0,N/A,0,Regularization - Lasso
Median Age Female 10,Regularization,Lasso,0.0,N/A,0,Regularization - Lasso
Median Age Male 10,Regularization,Lasso,0.0,N/A,0,Regularization - Lasso
Staff:Students Diff,Regularization,Lasso,0.0,N/A,0,Regularization - Lasso
Teachers:Students Diff,Regularization,Lasso,-0.030687714645293608,N/A,1,Regularization - Lasso
Total Schools Diff,Regularization,Lasso,0.021756573402376703,N/A,1,Regularization - Lasso
Total Students Diff,Regularization,Lasso,0.0039467896173647835,N/A,1,Regularization - Lasso
Unemployed Level Diff,Regularization,Lasso,-0.005435089198571531,N/A,1,Regularization - Lasso
Unemployed Rate Diff,Regularization,Lasso,-0.004892432671037717,N/A,1,Regularization - Lasso
Labor Force Diff,Feature Importance,Random Forest,0.010478577316091578,importances,1,Feature Importance - Random Forest
Employed Diff,Feature Importance,Random Forest,0.012006552803635797,importances,1,Feature Importance - Random Forest
Unemployed Level Diff,Feature Importance,Random Forest,0.010080542252570187,importances,1,Feature Importance - Random Forest
Unemployed Rate Diff,Feature Importance,Random Forest,0.009685426355499129,importances,1,Feature Importance - Random Forest
Median Age 10,Feature Importance,Random Forest,0.010390550932523956,importances,1,Feature Importance - Random Forest
Median Age Male 10,Feature Importance,Random Forest,0.011681734649830713,importances,1,Feature Importance - Random Forest
Median Age Female 10,Feature Importance,Random Forest,0.009116301446453567,importances,0,Feature Importance - Random Forest
# of Households 10,Feature Importance,Random Forest,0.008380413891986968,importances,0,Feature Importance - Random Forest
Avg Household Size 10,Feature Importance,Random Forest,0.0121504490177731,importances,1,Feature Importance - Random Forest
# of Families 10,Feature Importance,Random Forest,0.008221114766394345,importances,0,Feature Importance - Random Forest
Avg Family Size 10,Feature Importance,Random Forest,0.013569750873638837,importances,1,Feature Importance - Random Forest
# of Housing Units 10,Feature Importance,Random Forest,0.007589769051187512,importances,0,Feature Importance - Random Forest
County Population,Feature Importance,Random Forest,0.008564854302506534,importances,0,Feature Importance - Random Forest
CARES ESSER I 20,Feature Importance,Random Forest,0.026601661597169785,importances,1,Feature Importance - Random Forest
CRRSA ESSER II 21,Feature Importance,Random Forest,0.023081218854188595,importances,1,Feature Importance - Random Forest
ARP ESSER III 21,Feature Importance,Random Forest,0.019813440123280596,importances,1,Feature Importance - Random Forest
ESSER-SUPP 22,Feature Importance,Random Forest,0.002525765854711458,importances,0,Feature Importance - Random Forest
ESSER-SUPP 23,Feature Importance,Random Forest,0.002564017917143488,importances,0,Feature Importance - Random Forest
% County Infected 09/28/20,Feature Importance,Random Forest,0.009604759488604002,importances,1,Feature Importance - Random Forest
% County Deaths 09/28/20,Feature Importance,Random Forest,0.008671639659258362,importances,0,Feature Importance - Random Forest
% County Infected 10/30/20,Feature Importance,Random Forest,0.00986712749382589,importances,1,Feature Importance - Random Forest
% County Deaths 10/30/20,Feature Importance,Random Forest,0.008573788408333598,importances,0,Feature Importance - Random Forest
% County Infected 01/29/21,Feature Importance,Random Forest,0.007562107567382821,importances,0,Feature Importance - Random Forest
% County Deaths 01/29/21,Feature Importance,Random Forest,0.007706225460660791,importances,0,Feature Importance - Random Forest
% On Campus 09/28/20,Feature Importance,Random Forest,0.025774485425866772,importances,1,Feature Importance - Random Forest
% On Campus 10/30/20,Feature Importance,Random Forest,0.024068695988249778,importances,1,Feature Importance - Random Forest
% On Campus 01/29/21,Feature Importance,Random Forest,0.03191411602889597,importances,1,Feature Importance - Random Forest
% White Pop 10,Feature Importance,Random Forest,0.009431257348250404,importances,1,Feature Importance - Random Forest
% Black Pop 10,Feature Importance,Random Forest,0.0070079154669994695,importances,0,Feature Importance - Random Forest
% Asian Pop 10,Feature Importance,Random Forest,0.007619823548468772,importances,0,Feature Importance - Random Forest
% Hispanic Pop 10,Feature Importance,Random Forest,0.009743901296039694,importances,1,Feature Importance - Random Forest
% Male Pop 10,Feature Importance,Random Forest,0.009890044743885804,importances,1,Feature Importance - Random Forest
% Female Pop 10,Feature Importance,Random Forest,0.009458392022503138,importances,1,Feature Importance - Random Forest
% Age 0-4 Pop 10,Feature Importance,Random Forest,0.0077314857230048155,importances,0,Feature Importance - Random Forest
% Age 5-9 Pop 10,Feature Importance,Random Forest,0.007823064740075113,importances,0,Feature Importance - Random Forest
% Age 10-14 Pop 10,Feature Importance,Random Forest,0.008758285526023351,importances,0,Feature Importance - Random Forest
% Age 15-19 Pop 10,Feature Importance,Random Forest,0.008213692015645877,importances,0,Feature Importance - Random Forest
% Age 20-24 Pop 10,Feature Importance,Random Forest,0.0102971884376468,importances,1,Feature Importance - Random Forest
% Age 25-34 Pop 10,Feature Importance,Random Forest,0.007375836899448521,importances,0,Feature Importance - Random Forest
% Age 35-44 Pop 10,Feature Importance,Random Forest,0.00984202353975789,importances,1,Feature Importance - Random Forest
% Age 45-54 Pop 10,Feature Importance,Random Forest,0.007478022934474185,importances,0,Feature Importance - Random Forest
% Age 55-64 Pop 10,Feature Importance,Random Forest,0.008575308243575669,importances,0,Feature Importance - Random Forest
% Age 65-74 Pop 10,Feature Importance,Random Forest,0.007411885739097152,importances,0,Feature Importance - Random Forest
% Age 75-84 Pop 10,Feature Importance,Random Forest,0.0070471353090104496,importances,0,Feature Importance - Random Forest
% Age 85-Up Pop 10,Feature Importance,Random Forest,0.010048138821326592,importances,1,Feature Importance - Random Forest
% HH 1 Male 10,Feature Importance,Random Forest,0.009305036064662582,importances,0,Feature Importance - Random Forest
% HH 1 Female 10,Feature Importance,Random Forest,0.0074302929339806305,importances,0,Feature Importance - Random Forest
% HH Married-Child 10,Feature Importance,Random Forest,0.007733500516556798,importances,0,Feature Importance - Random Forest
% HH Married-noChild 10,Feature Importance,Random Forest,0.00941847977372374,importances,1,Feature Importance - Random Forest
% HH Male-Child 10,Feature Importance,Random Forest,0.009925334581845684,importances,1,Feature Importance - Random Forest
% HH Female-Child 10,Feature Importance,Random Forest,0.00829373595715522,importances,0,Feature Importance - Random Forest
% Housing Vacant 10,Feature Importance,Random Forest,0.008074640520835799,importances,0,Feature Importance - Random Forest
% Housing Owner Occup 10,Feature Importance,Random Forest,0.009135712841082855,importances,0,Feature Importance - Random Forest
% Housing Renter Occup 10,Feature Importance,Random Forest,0.00544810446664965,importances,0,Feature Importance - Random Forest
Total Schools Diff,Feature Importance,Random Forest,0.00519649789028568,importances,0,Feature Importance - Random Forest
Total Students Diff,Feature Importance,Random Forest,0.01896918211754132,importances,1,Feature Importance - Random Forest
% Operational Schools Diff,Feature Importance,Random Forest,0.00519277239948335,importances,0,Feature Importance - Random Forest
% Title 1 School-wide Diff,Feature Importance,Random Forest,0.006276395772547754,importances,0,Feature Importance - Random Forest
% Title 1 Eligible Diff,Feature Importance,Random Forest,0.006696027698586261,importances,0,Feature Importance - Random Forest
Teachers:Students Diff,Feature Importance,Random Forest,0.024186450980215914,importances,1,Feature Importance - Random Forest
Staff:Students Diff,Feature Importance,Random Forest,0.019218891165849836,importances,1,Feature Importance - Random Forest
% Free Lunch Diff,Feature Importance,Random Forest,0.019628878739416714,importances,1,Feature Importance - Random Forest
% Reduced-price Lunch Diff,Feature Importance,Random Forest,0.015573528238039909,importances,1,Feature Importance - Random Forest
% Asian Diff,Feature Importance,Random Forest,0.019498135444705748,importances,1,Feature Importance - Random Forest
% Hispanic Diff,Feature Importance,Random Forest,0.01892904202180144,importances,1,Feature Importance - Random Forest
% Black Diff,Feature Importance,Random Forest,0.015098845714078291,importances,1,Feature Importance - Random Forest
% White Diff,Feature Importance,Random Forest,0.021891364832485417,importances,1,Feature Importance - Random Forest
% Grades 1-8 Diff,Feature Importance,Random Forest,0.01681836942341099,importances,1,Feature Importance - Random Forest
% Grades 9-12 Diff,Feature Importance,Random Forest,0.0193036203788352,importances,1,Feature Importance - Random Forest
% Prek Diff,Feature Importance,Random Forest,0.01882168067743111,importances,1,Feature Importance - Random Forest
% Kinder Diff,Feature Importance,Random Forest,0.0209728104180769,importances,1,Feature Importance - Random Forest
% ADA Diff,Feature Importance,Random Forest,0.02137902580876635,importances,1,Feature Importance - Random Forest
% Tested Reading G3 Diff,Feature Importance,Random Forest,0.020901513645404695,importances,1,Feature Importance - Random Forest
% Tested Reading G4 Diff,Feature Importance,Random Forest,0.0224354479141028,importances,1,Feature Importance - Random Forest
% Tested Reading G5 Diff,Feature Importance,Random Forest,0.018171948668091242,importances,1,Feature Importance - Random Forest
% Tested Reading G6 Diff,Feature Importance,Random Forest,0.025092121894017234,importances,1,Feature Importance - Random Forest
% Tested Reading G7 Diff,Feature Importance,Random Forest,0.019954604003192003,importances,1,Feature Importance - Random Forest
% Tested Reading G8 Diff,Feature Importance,Random Forest,0.018950632111996345,importances,1,Feature Importance - Random Forest
Locale_11-City: Large,Feature Importance,Random Forest,0.001611606912786851,importances,0,Feature Importance - Random Forest
Locale_12-City: Mid-size,Feature Importance,Random Forest,0.0009447993682717704,importances,0,Feature Importance - Random Forest
Locale_13-City: Small,Feature Importance,Random Forest,0.00014948723078440739,importances,0,Feature Importance - Random Forest
Locale_21-Suburb: Large,Feature Importance,Random Forest,0.001300757519904714,importances,0,Feature Importance - Random Forest
Locale_22-Suburb: Mid-size,Feature Importance,Random Forest,0.0003406289238756332,importances,0,Feature Importance - Random Forest
Locale_23-Suburb: Small,Feature Importance,Random Forest,8.320349577733539e-05,importances,0,Feature Importance - Random Forest
Locale_31-Town: Fringe,Feature Importance,Random Forest,0.0012280210988482537,importances,0,Feature Importance - Random Forest
Locale_32-Town: Distant,Feature Importance,Random Forest,0.001448384648661747,importances,0,Feature Importance - Random Forest
Locale_33-Town: Remote,Feature Importance,Random Forest,0.0005599541001805744,importances,0,Feature Importance - Random Forest
Locale_41-Rural: Fringe,Feature Importance,Random Forest,0.0014857557851090295,importances,0,Feature Importance - Random Forest
Locale_42-Rural: Distant,Feature Importance,Random Forest,0.001684574027567387,importances,0,Feature Importance - Random Forest
Locale_43-Rural: Remote,Feature Importance,Random Forest,0.001241711390478962,importances,0,Feature Importance - Random Forest
Labor Force Diff,Permutation Importance,Random Forest,-0.010471204188481664,importances_mean,0,Permutation Importance - Random Forest
Employed Diff,Permutation Importance,Random Forest,-0.009424083769633506,importances_mean,0,Permutation Importance - Random Forest
Unemployed Level Diff,Permutation Importance,Random Forest,-0.002094240837696315,importances_mean,0,Permutation Importance - Random Forest
Unemployed Rate Diff,Permutation Importance,Random Forest,0.005235602094240876,importances_mean,1,Permutation Importance - Random Forest
Median Age 10,Permutation Importance,Random Forest,-0.004188481675392652,importances_mean,0,Permutation Importance - Random Forest
Median Age Male 10,Permutation Importance,Random Forest,-0.0010471204188481353,importances_mean,0,Permutation Importance - Random Forest
Median Age Female 10,Permutation Importance,Random Forest,0.003141361256544517,importances_mean,1,Permutation Importance - Random Forest
# of Households 10,Permutation Importance,Random Forest,0.009424083769633529,importances_mean,1,Permutation Importance - Random Forest
Avg Household Size 10,Permutation Importance,Random Forest,-0.010471204188481664,importances_mean,0,Permutation Importance - Random Forest
# of Families 10,Permutation Importance,Random Forest,-0.017801047120418835,importances_mean,0,Permutation Importance - Random Forest
Avg Family Size 10,Permutation Importance,Random Forest,-0.01570680628272252,importances_mean,0,Permutation Importance - Random Forest
# of Housing Units 10,Permutation Importance,Random Forest,-0.002094240837696315,importances_mean,0,Permutation Importance - Random Forest
County Population,Permutation Importance,Random Forest,0.00837696335078535,importances_mean,1,Permutation Importance - Random Forest
CARES ESSER I 20,Permutation Importance,Random Forest,-0.010471204188481641,importances_mean,0,Permutation Importance - Random Forest
CRRSA ESSER II 21,Permutation Importance,Random Forest,-0.007329842931937147,importances_mean,0,Permutation Importance - Random Forest
ARP ESSER III 21,Permutation Importance,Random Forest,2.2204460492503132e-17,importances_mean,1,Permutation Importance - Random Forest
ESSER-SUPP 22,Permutation Importance,Random Forest,-0.005235602094240788,importances_mean,0,Permutation Importance - Random Forest
ESSER-SUPP 23,Permutation Importance,Random Forest,0.003141361256544539,importances_mean,1,Permutation Importance - Random Forest
% County Infected 09/28/20,Permutation Importance,Random Forest,-0.004188481675392652,importances_mean,0,Permutation Importance - Random Forest
% County Deaths 09/28/20,Permutation Importance,Random Forest,-0.00628272251308899,importances_mean,0,Permutation Importance - Random Forest
% County Infected 10/30/20,Permutation Importance,Random Forest,-0.006282722513088967,importances_mean,0,Permutation Importance - Random Forest
% County Deaths 10/30/20,Permutation Importance,Random Forest,-0.002094240837696315,importances_mean,0,Permutation Importance - Random Forest
% County Infected 01/29/21,Permutation Importance,Random Forest,-0.004188481675392652,importances_mean,0,Permutation Importance - Random Forest
% County Deaths 01/29/21,Permutation Importance,Random Forest,-0.002094240837696315,importances_mean,0,Permutation Importance - Random Forest
% On Campus 09/28/20,Permutation Importance,Random Forest,0.005235602094240876,importances_mean,1,Permutation Importance - Random Forest
% On Campus 10/30/20,Permutation Importance,Random Forest,-0.011518324607329822,importances_mean,0,Permutation Importance - Random Forest
% On Campus 01/29/21,Permutation Importance,Random Forest,-0.010471204188481664,importances_mean,0,Permutation Importance - Random Forest
% White Pop 10,Permutation Importance,Random Forest,0.004188481675392697,importances_mean,1,Permutation Importance - Random Forest
% Black Pop 10,Permutation Importance,Random Forest,0.006282722513089034,importances_mean,1,Permutation Importance - Random Forest
% Asian Pop 10,Permutation Importance,Random Forest,0.007329842931937214,importances_mean,1,Permutation Importance - Random Forest
% Hispanic Pop 10,Permutation Importance,Random Forest,-0.006282722513088967,importances_mean,0,Permutation Importance - Random Forest
% Male Pop 10,Permutation Importance,Random Forest,-0.006282722513088967,importances_mean,0,Permutation Importance - Random Forest
% Female Pop 10,Permutation Importance,Random Forest,0.005235602094240876,importances_mean,1,Permutation Importance - Random Forest
% Age 0-4 Pop 10,Permutation Importance,Random Forest,0.001047120418848202,importances_mean,1,Permutation Importance - Random Forest
% Age 5-9 Pop 10,Permutation Importance,Random Forest,0.0020942408376963596,importances_mean,1,Permutation Importance - Random Forest
% Age 10-14 Pop 10,Permutation Importance,Random Forest,-0.0010471204188481353,importances_mean,0,Permutation Importance - Random Forest
% Age 15-19 Pop 10,Permutation Importance,Random Forest,0.004188481675392697,importances_mean,1,Permutation Importance - Random Forest
% Age 20-24 Pop 10,Permutation Importance,Random Forest,0.007329842931937192,importances_mean,1,Permutation Importance - Random Forest
% Age 25-34 Pop 10,Permutation Importance,Random Forest,-0.00418848167539263,importances_mean,0,Permutation Importance - Random Forest
% Age 35-44 Pop 10,Permutation Importance,Random Forest,-0.0010471204188481575,importances_mean,0,Permutation Importance - Random Forest
% Age 45-54 Pop 10,Permutation Importance,Random Forest,-0.002094240837696293,importances_mean,0,Permutation Importance - Random Forest
% Age 55-64 Pop 10,Permutation Importance,Random Forest,-0.003141361256544473,importances_mean,0,Permutation Importance - Random Forest
% Age 65-74 Pop 10,Permutation Importance,Random Forest,-0.00418848167539263,importances_mean,0,Permutation Importance - Random Forest
% Age 75-84 Pop 10,Permutation Importance,Random Forest,-0.002094240837696315,importances_mean,0,Permutation Importance - Random Forest
% Age 85-Up Pop 10,Permutation Importance,Random Forest,-0.0020942408376963375,importances_mean,0,Permutation Importance - Random Forest
% HH 1 Male 10,Permutation Importance,Random Forest,-0.007329842931937147,importances_mean,0,Permutation Importance - Random Forest
% HH 1 Female 10,Permutation Importance,Random Forest,-0.0010471204188481353,importances_mean,0,Permutation Importance - Random Forest
% HH Married-Child 10,Permutation Importance,Random Forest,-0.0010471204188481353,importances_mean,0,Permutation Importance - Random Forest
% HH Married-noChild 10,Permutation Importance,Random Forest,0.004188481675392697,importances_mean,1,Permutation Importance - Random Forest
% HH Male-Child 10,Permutation Importance,Random Forest,0.004188481675392697,importances_mean,1,Permutation Importance - Random Forest
% HH Female-Child 10,Permutation Importance,Random Forest,0.0031413612565445613,importances_mean,1,Permutation Importance - Random Forest
% Housing Vacant 10,Permutation Importance,Random Forest,0.001047120418848202,importances_mean,1,Permutation Importance - Random Forest
% Housing Owner Occup 10,Permutation Importance,Random Forest,-0.002094240837696315,importances_mean,0,Permutation Importance - Random Forest
% Housing Renter Occup 10,Permutation Importance,Random Forest,-0.003141361256544473,importances_mean,0,Permutation Importance - Random Forest
Total Schools Diff,Permutation Importance,Random Forest,0.0010471204188481798,importances_mean,1,Permutation Importance - Random Forest
Total Students Diff,Permutation Importance,Random Forest,-0.008376963350785327,importances_mean,0,Permutation Importance - Random Forest
% Operational Schools Diff,Permutation Importance,Random Forest,-0.00418848167539263,importances_mean,0,Permutation Importance - Random Forest
% Title 1 School-wide Diff,Permutation Importance,Random Forest,0.0010471204188481798,importances_mean,1,Permutation Importance - Random Forest
% Title 1 Eligible Diff,Permutation Importance,Random Forest,-0.0010471204188481353,importances_mean,0,Permutation Importance - Random Forest
Teachers:Students Diff,Permutation Importance,Random Forest,-0.008376963350785327,importances_mean,0,Permutation Importance - Random Forest
Staff:Students Diff,Permutation Importance,Random Forest,-0.013612565445026181,importances_mean,0,Permutation Importance - Random Forest
% Free Lunch Diff,Permutation Importance,Random Forest,-0.012565445026178002,importances_mean,0,Permutation Importance - Random Forest
% Reduced-price Lunch Diff,Permutation Importance,Random Forest,0.004188481675392697,importances_mean,1,Permutation Importance - Random Forest
% Asian Diff,Permutation Importance,Random Forest,-0.009424083769633485,importances_mean,0,Permutation Importance - Random Forest
% Hispanic Diff,Permutation Importance,Random Forest,-0.012565445026178002,importances_mean,0,Permutation Importance - Random Forest
% Black Diff,Permutation Importance,Random Forest,0.005235602094240876,importances_mean,1,Permutation Importance - Random Forest
% White Diff,Permutation Importance,Random Forest,-0.004188481675392652,importances_mean,0,Permutation Importance - Random Forest
% Grades 1-8 Diff,Permutation Importance,Random Forest,-0.0010471204188481132,importances_mean,0,Permutation Importance - Random Forest
% Grades 9-12 Diff,Permutation Importance,Random Forest,0.005235602094240832,importances_mean,1,Permutation Importance - Random Forest
% Prek Diff,Permutation Importance,Random Forest,-0.02617801047120418,importances_mean,0,Permutation Importance - Random Forest
% Kinder Diff,Permutation Importance,Random Forest,-0.003141361256544473,importances_mean,0,Permutation Importance - Random Forest
% ADA Diff,Permutation Importance,Random Forest,-0.00523560209424081,importances_mean,0,Permutation Importance - Random Forest
% Tested Reading G3 Diff,Permutation Importance,Random Forest,-0.002094240837696315,importances_mean,0,Permutation Importance - Random Forest
% Tested Reading G4 Diff,Permutation Importance,Random Forest,2.2204460492503132e-17,importances_mean,1,Permutation Importance - Random Forest
% Tested Reading G5 Diff,Permutation Importance,Random Forest,-0.003141361256544495,importances_mean,0,Permutation Importance - Random Forest
% Tested Reading G6 Diff,Permutation Importance,Random Forest,0.0020942408376963596,importances_mean,1,Permutation Importance - Random Forest
% Tested Reading G7 Diff,Permutation Importance,Random Forest,-0.003141361256544473,importances_mean,0,Permutation Importance - Random Forest
% Tested Reading G8 Diff,Permutation Importance,Random Forest,-0.002094240837696315,importances_mean,0,Permutation Importance - Random Forest
Locale_11-City: Large,Permutation Importance,Random Forest,-0.00418848167539263,importances_mean,0,Permutation Importance - Random Forest
Locale_12-City: Mid-size,Permutation Importance,Random Forest,0.0,importances_mean,0,Permutation Importance - Random Forest
Locale_13-City: Small,Permutation Importance,Random Forest,0.0,importances_mean,0,Permutation Importance - Random Forest
Locale_21-Suburb: Large,Permutation Importance,Random Forest,0.0,importances_mean,0,Permutation Importance - Random Forest
Locale_22-Suburb: Mid-size,Permutation Importance,Random Forest,0.0,importances_mean,0,Permutation Importance - Random Forest
Locale_23-Suburb: Small,Permutation Importance,Random Forest,0.0,importances_mean,0,Permutation Importance - Random Forest
Locale_31-Town: Fringe,Permutation Importance,Random Forest,0.0,importances_mean,0,Permutation Importance - Random Forest
Locale_32-Town: Distant,Permutation Importance,Random Forest,0.0,importances_mean,0,Permutation Importance - Random Forest
Locale_33-Town: Remote,Permutation Importance,Random Forest,-0.0010471204188481575,importances_mean,0,Permutation Importance - Random Forest
Locale_41-Rural: Fringe,Permutation Importance,Random Forest,-0.002094240837696315,importances_mean,0,Permutation Importance - Random Forest
Locale_42-Rural: Distant,Permutation Importance,Random Forest,-0.002094240837696315,importances_mean,0,Permutation Importance - Random Forest
Locale_43-Rural: Remote,Permutation Importance,Random Forest,0.0,importances_mean,0,Permutation Importance - Random Forest
Labor Force Diff,Permutation Importance,Ridge,0.03560209424083769,importances_mean,1,Permutation Importance - Ridge
Employed Diff,Permutation Importance,Ridge,0.009424083769633529,importances_mean,1,Permutation Importance - Ridge
Unemployed Level Diff,Permutation Importance,Ridge,0.009424083769633551,importances_mean,1,Permutation Importance - Ridge
Unemployed Rate Diff,Permutation Importance,Ridge,0.02198952879581153,importances_mean,1,Permutation Importance - Ridge
Median Age 10,Permutation Importance,Ridge,0.006282722513089057,importances_mean,1,Permutation Importance - Ridge
Median Age Male 10,Permutation Importance,Ridge,0.006282722513089057,importances_mean,1,Permutation Importance - Ridge
Median Age Female 10,Permutation Importance,Ridge,0.006282722513089057,importances_mean,1,Permutation Importance - Ridge
# of Households 10,Permutation Importance,Ridge,0.005235602094240899,importances_mean,1,Permutation Importance - Ridge
Avg Household Size 10,Permutation Importance,Ridge,0.0010471204188481798,importances_mean,1,Permutation Importance - Ridge
# of Families 10,Permutation Importance,Ridge,0.004188481675392719,importances_mean,1,Permutation Importance - Ridge
Avg Family Size 10,Permutation Importance,Ridge,0.0010471204188481798,importances_mean,1,Permutation Importance - Ridge
# of Housing Units 10,Permutation Importance,Ridge,0.009424083769633529,importances_mean,1,Permutation Importance - Ridge
County Population,Permutation Importance,Ridge,0.005235602094240899,importances_mean,1,Permutation Importance - Ridge
CARES ESSER I 20,Permutation Importance,Ridge,0.009424083769633551,importances_mean,1,Permutation Importance - Ridge
CRRSA ESSER II 21,Permutation Importance,Ridge,-0.002094240837696315,importances_mean,0,Permutation Importance - Ridge
ARP ESSER III 21,Permutation Importance,Ridge,2.2204460492503132e-17,importances_mean,1,Permutation Importance - Ridge
ESSER-SUPP 22,Permutation Importance,Ridge,0.003141361256544539,importances_mean,1,Permutation Importance - Ridge
ESSER-SUPP 23,Permutation Importance,Ridge,0.003141361256544539,importances_mean,1,Permutation Importance - Ridge
% County Infected 09/28/20,Permutation Importance,Ridge,0.0167539267015707,importances_mean,1,Permutation Importance - Ridge
% County Deaths 09/28/20,Permutation Importance,Ridge,0.017801047120418856,importances_mean,1,Permutation Importance - Ridge
% County Infected 10/30/20,Permutation Importance,Ridge,0.00837696335078535,importances_mean,1,Permutation Importance - Ridge
% County Deaths 10/30/20,Permutation Importance,Ridge,0.0052356020942408545,importances_mean,1,Permutation Importance - Ridge
% County Infected 01/29/21,Permutation Importance,Ridge,0.009424083769633529,importances_mean,1,Permutation Importance - Ridge
% County Deaths 01/29/21,Permutation Importance,Ridge,0.007329842931937214,importances_mean,1,Permutation Importance - Ridge
% On Campus 09/28/20,Permutation Importance,Ridge,0.010471204188481686,importances_mean,1,Permutation Importance - Ridge
% On Campus 10/30/20,Permutation Importance,Ridge,0.05340314136125655,importances_mean,1,Permutation Importance - Ridge
% On Campus 01/29/21,Permutation Importance,Ridge,0.04397905759162307,importances_mean,1,Permutation Importance - Ridge
% White Pop 10,Permutation Importance,Ridge,0.0178010471204189,importances_mean,1,Permutation Importance - Ridge
% Black Pop 10,Permutation Importance,Ridge,0.006282722513089057,importances_mean,1,Permutation Importance - Ridge
% Asian Pop 10,Permutation Importance,Ridge,0.003141361256544517,importances_mean,1,Permutation Importance - Ridge
% Hispanic Pop 10,Permutation Importance,Ridge,0.012565445026178046,importances_mean,1,Permutation Importance - Ridge
% Male Pop 10,Permutation Importance,Ridge,4.4408920985006264e-17,importances_mean,1,Permutation Importance - Ridge
% Female Pop 10,Permutation Importance,Ridge,4.4408920985006264e-17,importances_mean,1,Permutation Importance - Ridge
% Age 0-4 Pop 10,Permutation Importance,Ridge,0.011518324607329888,importances_mean,1,Permutation Importance - Ridge
% Age 5-9 Pop 10,Permutation Importance,Ridge,-0.003141361256544473,importances_mean,0,Permutation Importance - Ridge
% Age 10-14 Pop 10,Permutation Importance,Ridge,0.013612565445026226,importances_mean,1,Permutation Importance - Ridge
% Age 15-19 Pop 10,Permutation Importance,Ridge,0.007329842931937214,importances_mean,1,Permutation Importance - Ridge
% Age 20-24 Pop 10,Permutation Importance,Ridge,0.032460732984293195,importances_mean,1,Permutation Importance - Ridge
% Age 25-34 Pop 10,Permutation Importance,Ridge,0.014659685863874361,importances_mean,1,Permutation Importance - Ridge
% Age 35-44 Pop 10,Permutation Importance,Ridge,0.006282722513089034,importances_mean,1,Permutation Importance - Ridge
% Age 45-54 Pop 10,Permutation Importance,Ridge,0.001047120418848202,importances_mean,1,Permutation Importance - Ridge
% Age 55-64 Pop 10,Permutation Importance,Ridge,0.004188481675392675,importances_mean,1,Permutation Importance - Ridge
% Age 65-74 Pop 10,Permutation Importance,Ridge,0.026178010471204206,importances_mean,1,Permutation Importance - Ridge
% Age 75-84 Pop 10,Permutation Importance,Ridge,0.0010471204188481798,importances_mean,1,Permutation Importance - Ridge
% Age 85-Up Pop 10,Permutation Importance,Ridge,0.003141361256544517,importances_mean,1,Permutation Importance - Ridge
% HH 1 Male 10,Permutation Importance,Ridge,0.013612565445026249,importances_mean,1,Permutation Importance - Ridge
% HH 1 Female 10,Permutation Importance,Ridge,-0.003141361256544473,importances_mean,0,Permutation Importance - Ridge
% HH Married-Child 10,Permutation Importance,Ridge,0.00837696335078537,importances_mean,1,Permutation Importance - Ridge
% HH Married-noChild 10,Permutation Importance,Ridge,0.021989528795811553,importances_mean,1,Permutation Importance - Ridge
% HH Male-Child 10,Permutation Importance,Ridge,0.001047120418848202,importances_mean,1,Permutation Importance - Ridge
% HH Female-Child 10,Permutation Importance,Ridge,0.01570680628272252,importances_mean,1,Permutation Importance - Ridge
% Housing Vacant 10,Permutation Importance,Ridge,0.023036649214659734,importances_mean,1,Permutation Importance - Ridge
% Housing Owner Occup 10,Permutation Importance,Ridge,0.017801047120418877,importances_mean,1,Permutation Importance - Ridge
% Housing Renter Occup 10,Permutation Importance,Ridge,0.024083769633507845,importances_mean,1,Permutation Importance - Ridge
Total Schools Diff,Permutation Importance,Ridge,0.009424083769633551,importances_mean,1,Permutation Importance - Ridge
Total Students Diff,Permutation Importance,Ridge,0.005235602094240876,importances_mean,1,Permutation Importance - Ridge
% Operational Schools Diff,Permutation Importance,Ridge,-0.0010471204188481353,importances_mean,0,Permutation Importance - Ridge
% Title 1 School-wide Diff,Permutation Importance,Ridge,0.001047120418848202,importances_mean,1,Permutation Importance - Ridge
% Title 1 Eligible Diff,Permutation Importance,Ridge,-0.003141361256544473,importances_mean,0,Permutation Importance - Ridge
Teachers:Students Diff,Permutation Importance,Ridge,0.032460732984293215,importances_mean,1,Permutation Importance - Ridge
Staff:Students Diff,Permutation Importance,Ridge,0.006282722513089057,importances_mean,1,Permutation Importance - Ridge
% Free Lunch Diff,Permutation Importance,Ridge,0.01570680628272254,importances_mean,1,Permutation Importance - Ridge
% Reduced-price Lunch Diff,Permutation Importance,Ridge,0.009424083769633529,importances_mean,1,Permutation Importance - Ridge
% Asian Diff,Permutation Importance,Ridge,0.0178010471204189,importances_mean,1,Permutation Importance - Ridge
% Hispanic Diff,Permutation Importance,Ridge,0.014659685863874405,importances_mean,1,Permutation Importance - Ridge
% Black Diff,Permutation Importance,Ridge,0.004188481675392697,importances_mean,1,Permutation Importance - Ridge
% White Diff,Permutation Importance,Ridge,0.009424083769633551,importances_mean,1,Permutation Importance - Ridge
% Grades 1-8 Diff,Permutation Importance,Ridge,0.0020942408376963596,importances_mean,1,Permutation Importance - Ridge
% Grades 9-12 Diff,Permutation Importance,Ridge,0.010471204188481686,importances_mean,1,Permutation Importance - Ridge
% Prek Diff,Permutation Importance,Ridge,0.021989528795811553,importances_mean,1,Permutation Importance - Ridge
% Kinder Diff,Permutation Importance,Ridge,4.4408920985006264e-17,importances_mean,1,Permutation Importance - Ridge
% ADA Diff,Permutation Importance,Ridge,0.009424083769633551,importances_mean,1,Permutation Importance - Ridge
% Tested Reading G3 Diff,Permutation Importance,Ridge,0.02303664921465971,importances_mean,1,Permutation Importance - Ridge
% Tested Reading G4 Diff,Permutation Importance,Ridge,0.007329842931937214,importances_mean,1,Permutation Importance - Ridge
% Tested Reading G5 Diff,Permutation Importance,Ridge,2.2204460492503132e-17,importances_mean,1,Permutation Importance - Ridge
% Tested Reading G6 Diff,Permutation Importance,Ridge,0.025130890052356046,importances_mean,1,Permutation Importance - Ridge
% Tested Reading G7 Diff,Permutation Importance,Ridge,0.007329842931937214,importances_mean,1,Permutation Importance - Ridge
% Tested Reading G8 Diff,Permutation Importance,Ridge,0.0010471204188481798,importances_mean,1,Permutation Importance - Ridge
Locale_11-City: Large,Permutation Importance,Ridge,0.0010471204188482242,importances_mean,1,Permutation Importance - Ridge
Locale_12-City: Mid-size,Permutation Importance,Ridge,-0.003141361256544473,importances_mean,0,Permutation Importance - Ridge
Locale_13-City: Small,Permutation Importance,Ridge,0.0010471204188481798,importances_mean,1,Permutation Importance - Ridge
Locale_21-Suburb: Large,Permutation Importance,Ridge,0.0020942408376963596,importances_mean,1,Permutation Importance - Ridge
Locale_22-Suburb: Mid-size,Permutation Importance,Ridge,0.011518324607329867,importances_mean,1,Permutation Importance - Ridge
Locale_23-Suburb: Small,Permutation Importance,Ridge,0.0,importances_mean,0,Permutation Importance - Ridge
Locale_31-Town: Fringe,Permutation Importance,Ridge,2.2204460492503132e-17,importances_mean,1,Permutation Importance - Ridge
Locale_32-Town: Distant,Permutation Importance,Ridge,0.0010471204188481798,importances_mean,1,Permutation Importance - Ridge
Locale_33-Town: Remote,Permutation Importance,Ridge,4.4408920985006264e-17,importances_mean,1,Permutation Importance - Ridge
Locale_41-Rural: Fringe,Permutation Importance,Ridge,0.008376963350785393,importances_mean,1,Permutation Importance - Ridge
Locale_42-Rural: Distant,Permutation Importance,Ridge,-0.0010471204188481353,importances_mean,0,Permutation Importance - Ridge
Locale_43-Rural: Remote,Permutation Importance,Ridge,0.008376963350785393,importances_mean,1,Permutation Importance - Ridge
Labor Force Diff,RFE,Ridge,24.0,ranking,0,RFE - Ridge
Employed Diff,RFE,Ridge,37.0,ranking,0,RFE - Ridge
Unemployed Level Diff,RFE,Ridge,77.0,ranking,0,RFE - Ridge
Unemployed Rate Diff,RFE,Ridge,38.0,ranking,0,RFE - Ridge
Median Age 10,RFE,Ridge,57.0,ranking,0,RFE - Ridge
Median Age Male 10,RFE,Ridge,76.0,ranking,0,RFE - Ridge
Median Age Female 10,RFE,Ridge,23.0,ranking,0,RFE - Ridge
# of Households 10,RFE,Ridge,82.0,ranking,0,RFE - Ridge
Avg Household Size 10,RFE,Ridge,80.0,ranking,0,RFE - Ridge
# of Families 10,RFE,Ridge,84.0,ranking,0,RFE - Ridge
Avg Family Size 10,RFE,Ridge,69.0,ranking,0,RFE - Ridge
# of Housing Units 10,RFE,Ridge,83.0,ranking,0,RFE - Ridge
County Population,RFE,Ridge,66.0,ranking,0,RFE - Ridge
CARES ESSER I 20,RFE,Ridge,1.0,ranking,1,RFE - Ridge
CRRSA ESSER II 21,RFE,Ridge,1.0,ranking,1,RFE - Ridge
ARP ESSER III 21,RFE,Ridge,1.0,ranking,1,RFE - Ridge
ESSER-SUPP 22,RFE,Ridge,27.0,ranking,0,RFE - Ridge
ESSER-SUPP 23,RFE,Ridge,1.0,ranking,1,RFE - Ridge
% County Infected 09/28/20,RFE,Ridge,8.0,ranking,0,RFE - Ridge
% County Deaths 09/28/20,RFE,Ridge,10.0,ranking,0,RFE - Ridge
% County Infected 10/30/20,RFE,Ridge,9.0,ranking,0,RFE - Ridge
% County Deaths 10/30/20,RFE,Ridge,11.0,ranking,0,RFE - Ridge
% County Infected 01/29/21,RFE,Ridge,79.0,ranking,0,RFE - Ridge
% County Deaths 01/29/21,RFE,Ridge,48.0,ranking,0,RFE - Ridge
% On Campus 09/28/20,RFE,Ridge,64.0,ranking,0,RFE - Ridge
% On Campus 10/30/20,RFE,Ridge,1.0,ranking,1,RFE - Ridge
% On Campus 01/29/21,RFE,Ridge,22.0,ranking,0,RFE - Ridge
% White Pop 10,RFE,Ridge,13.0,ranking,0,RFE - Ridge
% Black Pop 10,RFE,Ridge,36.0,ranking,0,RFE - Ridge
% Asian Pop 10,RFE,Ridge,20.0,ranking,0,RFE - Ridge
% Hispanic Pop 10,RFE,Ridge,21.0,ranking,0,RFE - Ridge
% Male Pop 10,RFE,Ridge,19.0,ranking,0,RFE - Ridge
% Female Pop 10,RFE,Ridge,34.0,ranking,0,RFE - Ridge
% Age 0-4 Pop 10,RFE,Ridge,18.0,ranking,0,RFE - Ridge
% Age 5-9 Pop 10,RFE,Ridge,17.0,ranking,0,RFE - Ridge
% Age 10-14 Pop 10,RFE,Ridge,16.0,ranking,0,RFE - Ridge
% Age 15-19 Pop 10,RFE,Ridge,7.0,ranking,0,RFE - Ridge
% Age 20-24 Pop 10,RFE,Ridge,58.0,ranking,0,RFE - Ridge
% Age 25-34 Pop 10,RFE,Ridge,6.0,ranking,0,RFE - Ridge
% Age 35-44 Pop 10,RFE,Ridge,5.0,ranking,0,RFE - Ridge
% Age 45-54 Pop 10,RFE,Ridge,65.0,ranking,0,RFE - Ridge
% Age 55-64 Pop 10,RFE,Ridge,40.0,ranking,0,RFE - Ridge
% Age 65-74 Pop 10,RFE,Ridge,3.0,ranking,0,RFE - Ridge
% Age 75-84 Pop 10,RFE,Ridge,30.0,ranking,0,RFE - Ridge
% Age 85-Up Pop 10,RFE,Ridge,68.0,ranking,0,RFE - Ridge
% HH 1 Male 10,RFE,Ridge,42.0,ranking,0,RFE - Ridge
% HH 1 Female 10,RFE,Ridge,44.0,ranking,0,RFE - Ridge
% HH Married-Child 10,RFE,Ridge,15.0,ranking,0,RFE - Ridge
% HH Married-noChild 10,RFE,Ridge,35.0,ranking,0,RFE - Ridge
% HH Male-Child 10,RFE,Ridge,59.0,ranking,0,RFE - Ridge
% HH Female-Child 10,RFE,Ridge,41.0,ranking,0,RFE - Ridge
% Housing Vacant 10,RFE,Ridge,32.0,ranking,0,RFE - Ridge
% Housing Owner Occup 10,RFE,Ridge,39.0,ranking,0,RFE - Ridge
% Housing Renter Occup 10,RFE,Ridge,4.0,ranking,0,RFE - Ridge
Total Schools Diff,RFE,Ridge,56.0,ranking,0,RFE - Ridge
Total Students Diff,RFE,Ridge,47.0,ranking,0,RFE - Ridge
% Operational Schools Diff,RFE,Ridge,53.0,ranking,0,RFE - Ridge
% Title 1 School-wide Diff,RFE,Ridge,63.0,ranking,0,RFE - Ridge
% Title 1 Eligible Diff,RFE,Ridge,61.0,ranking,0,RFE - Ridge
Teachers:Students Diff,RFE,Ridge,46.0,ranking,0,RFE - Ridge
Staff:Students Diff,RFE,Ridge,86.0,ranking,0,RFE - Ridge
% Free Lunch Diff,RFE,Ridge,67.0,ranking,0,RFE - Ridge
% Reduced-price Lunch Diff,RFE,Ridge,45.0,ranking,0,RFE - Ridge
% Asian Diff,RFE,Ridge,31.0,ranking,0,RFE - Ridge
% Hispanic Diff,RFE,Ridge,50.0,ranking,0,RFE - Ridge
% Black Diff,RFE,Ridge,75.0,ranking,0,RFE - Ridge
% White Diff,RFE,Ridge,49.0,ranking,0,RFE - Ridge
% Grades 1-8 Diff,RFE,Ridge,78.0,ranking,0,RFE - Ridge
% Grades 9-12 Diff,RFE,Ridge,85.0,ranking,0,RFE - Ridge
% Prek Diff,RFE,Ridge,60.0,ranking,0,RFE - Ridge
% Kinder Diff,RFE,Ridge,55.0,ranking,0,RFE - Ridge
% ADA Diff,RFE,Ridge,81.0,ranking,0,RFE - Ridge
% Tested Reading G3 Diff,RFE,Ridge,72.0,ranking,0,RFE - Ridge
% Tested Reading G4 Diff,RFE,Ridge,71.0,ranking,0,RFE - Ridge
% Tested Reading G5 Diff,RFE,Ridge,73.0,ranking,0,RFE - Ridge
% Tested Reading G6 Diff,RFE,Ridge,29.0,ranking,0,RFE - Ridge
% Tested Reading G7 Diff,RFE,Ridge,28.0,ranking,0,RFE - Ridge
% Tested Reading G8 Diff,RFE,Ridge,54.0,ranking,0,RFE - Ridge
Locale_11-City: Large,RFE,Ridge,12.0,ranking,0,RFE - Ridge
Locale_12-City: Mid-size,RFE,Ridge,51.0,ranking,0,RFE - Ridge
Locale_13-City: Small,RFE,Ridge,43.0,ranking,0,RFE - Ridge
Locale_21-Suburb: Large,RFE,Ridge,14.0,ranking,0,RFE - Ridge
Locale_22-Suburb: Mid-size,RFE,Ridge,33.0,ranking,0,RFE - Ridge
Locale_23-Suburb: Small,RFE,Ridge,2.0,ranking,0,RFE - Ridge
Locale_31-Town: Fringe,RFE,Ridge,52.0,ranking,0,RFE - Ridge
Locale_32-Town: Distant,RFE,Ridge,74.0,ranking,0,RFE - Ridge
Locale_33-Town: Remote,RFE,Ridge,62.0,ranking,0,RFE - Ridge
Locale_41-Rural: Fringe,RFE,Ridge,70.0,ranking,0,RFE - Ridge
Locale_42-Rural: Distant,RFE,Ridge,25.0,ranking,0,RFE - Ridge
Locale_43-Rural: Remote,RFE,Ridge,26.0,ranking,0,RFE - Ridge
Labor Force Diff,RFE,Random Forest,1.0,ranking,1,RFE - Random Forest
Employed Diff,RFE,Random Forest,1.0,ranking,1,RFE - Random Forest
Unemployed Level Diff,RFE,Random Forest,1.0,ranking,1,RFE - Random Forest
Unemployed Rate Diff,RFE,Random Forest,6.0,ranking,0,RFE - Random Forest
Median Age 10,RFE,Random Forest,13.0,ranking,0,RFE - Random Forest
Median Age Male 10,RFE,Random Forest,34.0,ranking,0,RFE - Random Forest
Median Age Female 10,RFE,Random Forest,1.0,ranking,1,RFE - Random Forest
# of Households 10,RFE,Random Forest,37.0,ranking,0,RFE - Random Forest
Avg Household Size 10,RFE,Random Forest,1.0,ranking,1,RFE - Random Forest
# of Families 10,RFE,Random Forest,1.0,ranking,1,RFE - Random Forest
Avg Family Size 10,RFE,Random Forest,21.0,ranking,0,RFE - Random Forest
# of Housing Units 10,RFE,Random Forest,26.0,ranking,0,RFE - Random Forest
County Population,RFE,Random Forest,30.0,ranking,0,RFE - Random Forest
CARES ESSER I 20,RFE,Random Forest,1.0,ranking,1,RFE - Random Forest
CRRSA ESSER II 21,RFE,Random Forest,1.0,ranking,1,RFE - Random Forest
ARP ESSER III 21,RFE,Random Forest,1.0,ranking,1,RFE - Random Forest
ESSER-SUPP 22,RFE,Random Forest,44.0,ranking,0,RFE - Random Forest
ESSER-SUPP 23,RFE,Random Forest,42.0,ranking,0,RFE - Random Forest
% County Infected 09/28/20,RFE,Random Forest,1.0,ranking,1,RFE - Random Forest
% County Deaths 09/28/20,RFE,Random Forest,7.0,ranking,0,RFE - Random Forest
% County Infected 10/30/20,RFE,Random Forest,12.0,ranking,0,RFE - Random Forest
% County Deaths 10/30/20,RFE,Random Forest,18.0,ranking,0,RFE - Random Forest
% County Infected 01/29/21,RFE,Random Forest,24.0,ranking,0,RFE - Random Forest
% County Deaths 01/29/21,RFE,Random Forest,16.0,ranking,0,RFE - Random Forest
% On Campus 09/28/20,RFE,Random Forest,1.0,ranking,1,RFE - Random Forest
% On Campus 10/30/20,RFE,Random Forest,1.0,ranking,1,RFE - Random Forest
% On Campus 01/29/21,RFE,Random Forest,1.0,ranking,1,RFE - Random Forest
% White Pop 10,RFE,Random Forest,3.0,ranking,0,RFE - Random Forest
% Black Pop 10,RFE,Random Forest,22.0,ranking,0,RFE - Random Forest
% Asian Pop 10,RFE,Random Forest,20.0,ranking,0,RFE - Random Forest
% Hispanic Pop 10,RFE,Random Forest,10.0,ranking,0,RFE - Random Forest
% Male Pop 10,RFE,Random Forest,1.0,ranking,1,RFE - Random Forest
% Female Pop 10,RFE,Random Forest,14.0,ranking,0,RFE - Random Forest
% Age 0-4 Pop 10,RFE,Random Forest,40.0,ranking,0,RFE - Random Forest
% Age 5-9 Pop 10,RFE,Random Forest,32.0,ranking,0,RFE - Random Forest
% Age 10-14 Pop 10,RFE,Random Forest,5.0,ranking,0,RFE - Random Forest
% Age 15-19 Pop 10,RFE,Random Forest,19.0,ranking,0,RFE - Random Forest
% Age 20-24 Pop 10,RFE,Random Forest,29.0,ranking,0,RFE - Random Forest
% Age 25-34 Pop 10,RFE,Random Forest,27.0,ranking,0,RFE - Random Forest
% Age 35-44 Pop 10,RFE,Random Forest,1.0,ranking,1,RFE - Random Forest
% Age 45-54 Pop 10,RFE,Random Forest,15.0,ranking,0,RFE - Random Forest
% Age 55-64 Pop 10,RFE,Random Forest,33.0,ranking,0,RFE - Random Forest
% Age 65-74 Pop 10,RFE,Random Forest,9.0,ranking,0,RFE - Random Forest
% Age 75-84 Pop 10,RFE,Random Forest,17.0,ranking,0,RFE - Random Forest
% Age 85-Up Pop 10,RFE,Random Forest,2.0,ranking,0,RFE - Random Forest
% HH 1 Male 10,RFE,Random Forest,8.0,ranking,0,RFE - Random Forest
% HH 1 Female 10,RFE,Random Forest,11.0,ranking,0,RFE - Random Forest
% HH Married-Child 10,RFE,Random Forest,23.0,ranking,0,RFE - Random Forest
% HH Married-noChild 10,RFE,Random Forest,1.0,ranking,1,RFE - Random Forest
% HH Male-Child 10,RFE,Random Forest,25.0,ranking,0,RFE - Random Forest
% HH Female-Child 10,RFE,Random Forest,35.0,ranking,0,RFE - Random Forest
% Housing Vacant 10,RFE,Random Forest,36.0,ranking,0,RFE - Random Forest
% Housing Owner Occup 10,RFE,Random Forest,4.0,ranking,0,RFE - Random Forest
% Housing Renter Occup 10,RFE,Random Forest,31.0,ranking,0,RFE - Random Forest
Total Schools Diff,RFE,Random Forest,38.0,ranking,0,RFE - Random Forest
Total Students Diff,RFE,Random Forest,1.0,ranking,1,RFE - Random Forest
% Operational Schools Diff,RFE,Random Forest,41.0,ranking,0,RFE - Random Forest
% Title 1 School-wide Diff,RFE,Random Forest,39.0,ranking,0,RFE - Random Forest
% Title 1 Eligible Diff,RFE,Random Forest,28.0,ranking,0,RFE - Random Forest
Teachers:Students Diff,RFE,Random Forest,1.0,ranking,1,RFE - Random Forest
Staff:Students Diff,RFE,Random Forest,1.0,ranking,1,RFE - Random Forest
% Free Lunch Diff,RFE,Random Forest,1.0,ranking,1,RFE - Random Forest
% Reduced-price Lunch Diff,RFE,Random Forest,1.0,ranking,1,RFE - Random Forest
% Asian Diff,RFE,Random Forest,1.0,ranking,1,RFE - Random Forest
% Hispanic Diff,RFE,Random Forest,1.0,ranking,1,RFE - Random Forest
% Black Diff,RFE,Random Forest,1.0,ranking,1,RFE - Random Forest
% White Diff,RFE,Random Forest,1.0,ranking,1,RFE - Random Forest
% Grades 1-8 Diff,RFE,Random Forest,1.0,ranking,1,RFE - Random Forest
% Grades 9-12 Diff,RFE,Random Forest,1.0,ranking,1,RFE - Random Forest
% Prek Diff,RFE,Random Forest,1.0,ranking,1,RFE - Random Forest
% Kinder Diff,RFE,Random Forest,1.0,ranking,1,RFE - Random Forest
% ADA Diff,RFE,Random Forest,1.0,ranking,1,RFE - Random Forest
% Tested Reading G3 Diff,RFE,Random Forest,1.0,ranking,1,RFE - Random Forest
% Tested Reading G4 Diff,RFE,Random Forest,1.0,ranking,1,RFE - Random Forest
% Tested Reading G5 Diff,RFE,Random Forest,1.0,ranking,1,RFE - Random Forest
% Tested Reading G6 Diff,RFE,Random Forest,1.0,ranking,1,RFE - Random Forest
% Tested Reading G7 Diff,RFE,Random Forest,1.0,ranking,1,RFE - Random Forest
% Tested Reading G8 Diff,RFE,Random Forest,1.0,ranking,1,RFE - Random Forest
Locale_11-City: Large,RFE,Random Forest,48.0,ranking,0,RFE - Random Forest
Locale_12-City: Mid-size,RFE,Random Forest,52.0,ranking,0,RFE - Random Forest
Locale_13-City: Small,RFE,Random Forest,54.0,ranking,0,RFE - Random Forest
Locale_21-Suburb: Large,RFE,Random Forest,51.0,ranking,0,RFE - Random Forest
Locale_22-Suburb: Mid-size,RFE,Random Forest,53.0,ranking,0,RFE - Random Forest
Locale_23-Suburb: Small,RFE,Random Forest,55.0,ranking,0,RFE - Random Forest
Locale_31-Town: Fringe,RFE,Random Forest,45.0,ranking,0,RFE - Random Forest
Locale_32-Town: Distant,RFE,Random Forest,46.0,ranking,0,RFE - Random Forest
Locale_33-Town: Remote,RFE,Random Forest,50.0,ranking,0,RFE - Random Forest
Locale_41-Rural: Fringe,RFE,Random Forest,47.0,ranking,0,RFE - Random Forest
Locale_42-Rural: Distant,RFE,Random Forest,43.0,ranking,0,RFE - Random Forest
Locale_43-Rural: Remote,RFE,Random Forest,49.0,ranking,0,RFE - Random Forest
Labor Force Diff,SFS,KNN,0.0,N/A,0,SFS - KNN
Employed Diff,SFS,KNN,1.0,N/A,1,SFS - KNN
Unemployed Level Diff,SFS,KNN,1.0,N/A,1,SFS - KNN
Unemployed Rate Diff,SFS,KNN,0.0,N/A,0,SFS - KNN
Median Age 10,SFS,KNN,1.0,N/A,1,SFS - KNN
Median Age Male 10,SFS,KNN,1.0,N/A,1,SFS - KNN
Median Age Female 10,SFS,KNN,1.0,N/A,1,SFS - KNN
# of Households 10,SFS,KNN,1.0,N/A,1,SFS - KNN
Avg Household Size 10,SFS,KNN,1.0,N/A,1,SFS - KNN
# of Families 10,SFS,KNN,1.0,N/A,1,SFS - KNN
Avg Family Size 10,SFS,KNN,1.0,N/A,1,SFS - KNN
# of Housing Units 10,SFS,KNN,1.0,N/A,1,SFS - KNN
County Population,SFS,KNN,1.0,N/A,1,SFS - KNN
CARES ESSER I 20,SFS,KNN,1.0,N/A,1,SFS - KNN
CRRSA ESSER II 21,SFS,KNN,1.0,N/A,1,SFS - KNN
ARP ESSER III 21,SFS,KNN,1.0,N/A,1,SFS - KNN
ESSER-SUPP 22,SFS,KNN,1.0,N/A,1,SFS - KNN
ESSER-SUPP 23,SFS,KNN,1.0,N/A,1,SFS - KNN
% County Infected 09/28/20,SFS,KNN,0.0,N/A,0,SFS - KNN
% County Deaths 09/28/20,SFS,KNN,0.0,N/A,0,SFS - KNN
% County Infected 10/30/20,SFS,KNN,0.0,N/A,0,SFS - KNN
% County Deaths 10/30/20,SFS,KNN,0.0,N/A,0,SFS - KNN
% County Infected 01/29/21,SFS,KNN,0.0,N/A,0,SFS - KNN
% County Deaths 01/29/21,SFS,KNN,0.0,N/A,0,SFS - KNN
% On Campus 09/28/20,SFS,KNN,1.0,N/A,1,SFS - KNN
% On Campus 10/30/20,SFS,KNN,1.0,N/A,1,SFS - KNN
% On Campus 01/29/21,SFS,KNN,1.0,N/A,1,SFS - KNN
% White Pop 10,SFS,KNN,0.0,N/A,0,SFS - KNN
% Black Pop 10,SFS,KNN,1.0,N/A,1,SFS - KNN
% Asian Pop 10,SFS,KNN,1.0,N/A,1,SFS - KNN
% Hispanic Pop 10,SFS,KNN,0.0,N/A,0,SFS - KNN
% Male Pop 10,SFS,KNN,0.0,N/A,0,SFS - KNN
% Female Pop 10,SFS,KNN,0.0,N/A,0,SFS - KNN
% Age 0-4 Pop 10,SFS,KNN,0.0,N/A,0,SFS - KNN
% Age 5-9 Pop 10,SFS,KNN,0.0,N/A,0,SFS - KNN
% Age 10-14 Pop 10,SFS,KNN,0.0,N/A,0,SFS - KNN
% Age 15-19 Pop 10,SFS,KNN,0.0,N/A,0,SFS - KNN
% Age 20-24 Pop 10,SFS,KNN,1.0,N/A,1,SFS - KNN
% Age 25-34 Pop 10,SFS,KNN,0.0,N/A,0,SFS - KNN
% Age 35-44 Pop 10,SFS,KNN,0.0,N/A,0,SFS - KNN
% Age 45-54 Pop 10,SFS,KNN,0.0,N/A,0,SFS - KNN
% Age 55-64 Pop 10,SFS,KNN,0.0,N/A,0,SFS - KNN
% Age 65-74 Pop 10,SFS,KNN,0.0,N/A,0,SFS - KNN
% Age 75-84 Pop 10,SFS,KNN,0.0,N/A,0,SFS - KNN
% Age 85-Up Pop 10,SFS,KNN,1.0,N/A,1,SFS - KNN
% HH 1 Male 10,SFS,KNN,0.0,N/A,0,SFS - KNN
% HH 1 Female 10,SFS,KNN,0.0,N/A,0,SFS - KNN
% HH Married-Child 10,SFS,KNN,0.0,N/A,0,SFS - KNN
% HH Married-noChild 10,SFS,KNN,0.0,N/A,0,SFS - KNN
% HH Male-Child 10,SFS,KNN,0.0,N/A,0,SFS - KNN
% HH Female-Child 10,SFS,KNN,0.0,N/A,0,SFS - KNN
% Housing Vacant 10,SFS,KNN,0.0,N/A,0,SFS - KNN
% Housing Owner Occup 10,SFS,KNN,0.0,N/A,0,SFS - KNN
% Housing Renter Occup 10,SFS,KNN,0.0,N/A,0,SFS - KNN
Total Schools Diff,SFS,KNN,1.0,N/A,1,SFS - KNN
Total Students Diff,SFS,KNN,1.0,N/A,1,SFS - KNN
% Operational Schools Diff,SFS,KNN,1.0,N/A,1,SFS - KNN
% Title 1 School-wide Diff,SFS,KNN,0.0,N/A,0,SFS - KNN
% Title 1 Eligible Diff,SFS,KNN,1.0,N/A,1,SFS - KNN
Teachers:Students Diff,SFS,KNN,0.0,N/A,0,SFS - KNN
Staff:Students Diff,SFS,KNN,1.0,N/A,1,SFS - KNN
% Free Lunch Diff,SFS,KNN,0.0,N/A,0,SFS - KNN
% Reduced-price Lunch Diff,SFS,KNN,1.0,N/A,1,SFS - KNN
% Asian Diff,SFS,KNN,0.0,N/A,0,SFS - KNN
% Hispanic Diff,SFS,KNN,0.0,N/A,0,SFS - KNN
% Black Diff,SFS,KNN,0.0,N/A,0,SFS - KNN
% White Diff,SFS,KNN,1.0,N/A,1,SFS - KNN
% Grades 1-8 Diff,SFS,KNN,0.0,N/A,0,SFS - KNN
% Grades 9-12 Diff,SFS,KNN,0.0,N/A,0,SFS - KNN
% Prek Diff,SFS,KNN,1.0,N/A,1,SFS - KNN
% Kinder Diff,SFS,KNN,0.0,N/A,0,SFS - KNN
% ADA Diff,SFS,KNN,0.0,N/A,0,SFS - KNN
% Tested Reading G3 Diff,SFS,KNN,0.0,N/A,0,SFS - KNN
% Tested Reading G4 Diff,SFS,KNN,1.0,N/A,1,SFS - KNN
% Tested Reading G5 Diff,SFS,KNN,0.0,N/A,0,SFS - KNN
% Tested Reading G6 Diff,SFS,KNN,0.0,N/A,0,SFS - KNN
% Tested Reading G7 Diff,SFS,KNN,1.0,N/A,1,SFS - KNN
% Tested Reading G8 Diff,SFS,KNN,0.0,N/A,0,SFS - KNN
Locale_11-City: Large,SFS,KNN,1.0,N/A,1,SFS - KNN
Locale_12-City: Mid-size,SFS,KNN,1.0,N/A,1,SFS - KNN
Locale_13-City: Small,SFS,KNN,1.0,N/A,1,SFS - KNN
Locale_21-Suburb: Large,SFS,KNN,1.0,N/A,1,SFS - KNN
Locale_22-Suburb: Mid-size,SFS,KNN,1.0,N/A,1,SFS - KNN
Locale_23-Suburb: Small,SFS,KNN,1.0,N/A,1,SFS - KNN
Locale_31-Town: Fringe,SFS,KNN,1.0,N/A,1,SFS - KNN
Locale_32-Town: Distant,SFS,KNN,1.0,N/A,1,SFS - KNN
Locale_33-Town: Remote,SFS,KNN,1.0,N/A,1,SFS - KNN
Locale_41-Rural: Fringe,SFS,KNN,1.0,N/A,1,SFS - KNN
Locale_42-Rural: Distant,SFS,KNN,1.0,N/A,1,SFS - KNN
Locale_43-Rural: Remote,SFS,KNN,1.0,N/A,1,SFS - KNN
Labor Force Diff,SFS,Ridge,1.0,N/A,1,SFS - Ridge
Employed Diff,SFS,Ridge,0.0,N/A,0,SFS - Ridge
Unemployed Level Diff,SFS,Ridge,0.0,N/A,0,SFS - Ridge
Unemployed Rate Diff,SFS,Ridge,0.0,N/A,0,SFS - Ridge
Median Age 10,SFS,Ridge,0.0,N/A,0,SFS - Ridge
Median Age Male 10,SFS,Ridge,0.0,N/A,0,SFS - Ridge
Median Age Female 10,SFS,Ridge,0.0,N/A,0,SFS - Ridge
# of Households 10,SFS,Ridge,0.0,N/A,0,SFS - Ridge
Avg Household Size 10,SFS,Ridge,0.0,N/A,0,SFS - Ridge
# of Families 10,SFS,Ridge,0.0,N/A,0,SFS - Ridge
Avg Family Size 10,SFS,Ridge,0.0,N/A,0,SFS - Ridge
# of Housing Units 10,SFS,Ridge,0.0,N/A,0,SFS - Ridge
County Population,SFS,Ridge,0.0,N/A,0,SFS - Ridge
CARES ESSER I 20,SFS,Ridge,1.0,N/A,1,SFS - Ridge
CRRSA ESSER II 21,SFS,Ridge,1.0,N/A,1,SFS - Ridge
ARP ESSER III 21,SFS,Ridge,1.0,N/A,1,SFS - Ridge
ESSER-SUPP 22,SFS,Ridge,1.0,N/A,1,SFS - Ridge
ESSER-SUPP 23,SFS,Ridge,1.0,N/A,1,SFS - Ridge
% County Infected 09/28/20,SFS,Ridge,0.0,N/A,0,SFS - Ridge
% County Deaths 09/28/20,SFS,Ridge,0.0,N/A,0,SFS - Ridge
% County Infected 10/30/20,SFS,Ridge,0.0,N/A,0,SFS - Ridge
% County Deaths 10/30/20,SFS,Ridge,0.0,N/A,0,SFS - Ridge
% County Infected 01/29/21,SFS,Ridge,1.0,N/A,1,SFS - Ridge
% County Deaths 01/29/21,SFS,Ridge,0.0,N/A,0,SFS - Ridge
% On Campus 09/28/20,SFS,Ridge,1.0,N/A,1,SFS - Ridge
% On Campus 10/30/20,SFS,Ridge,0.0,N/A,0,SFS - Ridge
% On Campus 01/29/21,SFS,Ridge,1.0,N/A,1,SFS - Ridge
% White Pop 10,SFS,Ridge,0.0,N/A,0,SFS - Ridge
% Black Pop 10,SFS,Ridge,0.0,N/A,0,SFS - Ridge
% Asian Pop 10,SFS,Ridge,0.0,N/A,0,SFS - Ridge
% Hispanic Pop 10,SFS,Ridge,0.0,N/A,0,SFS - Ridge
% Male Pop 10,SFS,Ridge,1.0,N/A,1,SFS - Ridge
% Female Pop 10,SFS,Ridge,1.0,N/A,1,SFS - Ridge
% Age 0-4 Pop 10,SFS,Ridge,0.0,N/A,0,SFS - Ridge
% Age 5-9 Pop 10,SFS,Ridge,1.0,N/A,1,SFS - Ridge
% Age 10-14 Pop 10,SFS,Ridge,0.0,N/A,0,SFS - Ridge
% Age 15-19 Pop 10,SFS,Ridge,1.0,N/A,1,SFS - Ridge
% Age 20-24 Pop 10,SFS,Ridge,1.0,N/A,1,SFS - Ridge
% Age 25-34 Pop 10,SFS,Ridge,0.0,N/A,0,SFS - Ridge
% Age 35-44 Pop 10,SFS,Ridge,0.0,N/A,0,SFS - Ridge
% Age 45-54 Pop 10,SFS,Ridge,0.0,N/A,0,SFS - Ridge
% Age 55-64 Pop 10,SFS,Ridge,1.0,N/A,1,SFS - Ridge
% Age 65-74 Pop 10,SFS,Ridge,1.0,N/A,1,SFS - Ridge
% Age 75-84 Pop 10,SFS,Ridge,0.0,N/A,0,SFS - Ridge
% Age 85-Up Pop 10,SFS,Ridge,0.0,N/A,0,SFS - Ridge
% HH 1 Male 10,SFS,Ridge,1.0,N/A,1,SFS - Ridge
% HH 1 Female 10,SFS,Ridge,0.0,N/A,0,SFS - Ridge
% HH Married-Child 10,SFS,Ridge,0.0,N/A,0,SFS - Ridge
% HH Married-noChild 10,SFS,Ridge,0.0,N/A,0,SFS - Ridge
% HH Male-Child 10,SFS,Ridge,1.0,N/A,1,SFS - Ridge
% HH Female-Child 10,SFS,Ridge,0.0,N/A,0,SFS - Ridge
% Housing Vacant 10,SFS,Ridge,1.0,N/A,1,SFS - Ridge
% Housing Owner Occup 10,SFS,Ridge,1.0,N/A,1,SFS - Ridge
% Housing Renter Occup 10,SFS,Ridge,1.0,N/A,1,SFS - Ridge
Total Schools Diff,SFS,Ridge,1.0,N/A,1,SFS - Ridge
Total Students Diff,SFS,Ridge,0.0,N/A,0,SFS - Ridge
% Operational Schools Diff,SFS,Ridge,1.0,N/A,1,SFS - Ridge
% Title 1 School-wide Diff,SFS,Ridge,1.0,N/A,1,SFS - Ridge
% Title 1 Eligible Diff,SFS,Ridge,1.0,N/A,1,SFS - Ridge
Teachers:Students Diff,SFS,Ridge,0.0,N/A,0,SFS - Ridge
Staff:Students Diff,SFS,Ridge,0.0,N/A,0,SFS - Ridge
% Free Lunch Diff,SFS,Ridge,1.0,N/A,1,SFS - Ridge
% Reduced-price Lunch Diff,SFS,Ridge,1.0,N/A,1,SFS - Ridge
% Asian Diff,SFS,Ridge,0.0,N/A,0,SFS - Ridge
% Hispanic Diff,SFS,Ridge,0.0,N/A,0,SFS - Ridge
% Black Diff,SFS,Ridge,1.0,N/A,1,SFS - Ridge
% White Diff,SFS,Ridge,0.0,N/A,0,SFS - Ridge
% Grades 1-8 Diff,SFS,Ridge,1.0,N/A,1,SFS - Ridge
% Grades 9-12 Diff,SFS,Ridge,1.0,N/A,1,SFS - Ridge
% Prek Diff,SFS,Ridge,1.0,N/A,1,SFS - Ridge
% Kinder Diff,SFS,Ridge,1.0,N/A,1,SFS - Ridge
% ADA Diff,SFS,Ridge,1.0,N/A,1,SFS - Ridge
% Tested Reading G3 Diff,SFS,Ridge,1.0,N/A,1,SFS - Ridge
% Tested Reading G4 Diff,SFS,Ridge,1.0,N/A,1,SFS - Ridge
% Tested Reading G5 Diff,SFS,Ridge,1.0,N/A,1,SFS - Ridge
% Tested Reading G6 Diff,SFS,Ridge,1.0,N/A,1,SFS - Ridge
% Tested Reading G7 Diff,SFS,Ridge,1.0,N/A,1,SFS - Ridge
% Tested Reading G8 Diff,SFS,Ridge,1.0,N/A,1,SFS - Ridge
Locale_11-City: Large,SFS,Ridge,0.0,N/A,0,SFS - Ridge
Locale_12-City: Mid-size,SFS,Ridge,1.0,N/A,1,SFS - Ridge
Locale_13-City: Small,SFS,Ridge,1.0,N/A,1,SFS - Ridge
Locale_21-Suburb: Large,SFS,Ridge,0.0,N/A,0,SFS - Ridge
Locale_22-Suburb: Mid-size,SFS,Ridge,0.0,N/A,0,SFS - Ridge
Locale_23-Suburb: Small,SFS,Ridge,1.0,N/A,1,SFS - Ridge
Locale_31-Town: Fringe,SFS,Ridge,1.0,N/A,1,SFS - Ridge
Locale_32-Town: Distant,SFS,Ridge,1.0,N/A,1,SFS - Ridge
Locale_33-Town: Remote,SFS,Ridge,0.0,N/A,0,SFS - Ridge
Locale_41-Rural: Fringe,SFS,Ridge,0.0,N/A,0,SFS - Ridge
Locale_42-Rural: Distant,SFS,Ridge,0.0,N/A,0,SFS - Ridge
Locale_43-Rural: Remote,SFS,Ridge,1.0,N/A,1,SFS - Ridge
